41800.0,82650.0
41966.6667,82533.3333
41983.3333,82933.3333
42033.3333,82750.0
42033.3333,82916.6667
42050.0,82583.3333
42100.0,82450.0
42100.0,83100.0
42133.3333,82750.0
42150.0,82966.6667
42166.6667,82816.6667
42233.3333,82550.0
42250.0,81916.6667
42250.0,82433.3333
42283.3333,83066.6667
42300.0,82716.6667
42300.0,83066.6667
42316.6667,82850.0
42316.6667,82900.0
42316.6667,82983.3333
42316.6667,83000.0
42333.3333,82000.0
42333.3333,82950.0
42333.3333,83033.3333
42400.0,82183.3333
42433.3333,81883.3333
42550.0,81966.6667
42566.6667,81683.3333
42583.3333,82166.6667
42583.3333,82366.6667
42600.0,81600.0
42633.3333,80450.0
42650.0,80816.6667
42666.6667,81216.6667
42700.0,81083.3333
42716.6667,81300.0
42716.6667,82483.3333
42750.0,81700.0
42783.3333,80200.0
42783.3333,80983.3333
42783.3333,81183.3333
42800.0,80066.6667
42816.6667,81433.3333
42816.6667,82466.6667
42833.3333,80300.0
42850.0,80500.0
42850.0,82466.6667
42866.6667,79566.6667
42866.6667,80733.3333
42883.3333,79233.3333
42883.3333,82150.0
42900.0,78933.3333
42900.0,79616.6667
42933.3333,80283.3333
42950.0,80050.0
42950.0,81616.6667
42950.0,81883.3333
42950.0,82116.6667
42966.6667,79750.0
42966.6667,82400.0
42983.3333,79250.0
42983.3333,80600.0
42983.3333,81250.0
43000.0,82400.0
43033.3333,79283.3333
43033.3333,80883.3333
43033.3333,81466.6667
43066.6667,79950.0
43083.3333,79050.0
43100.0,79050.0
43100.0,79533.3333
43100.0,80233.3333
43100.0,82000.0
43116.6667,79200.0
43116.6667,81433.3333
43133.3333,79100.0
43133.3333,80266.6667
43133.3333,80750.0
43150.0,79500.0
43166.6667,79050.0
43166.6667,79233.3333
43166.6667,79466.6667
43166.6667,81683.3333
43166.6667,81850.0
43183.3333,81400.0
43200.0,79266.6667
43200.0,79550.0
43200.0,80383.3333
43216.6667,79216.6667
43216.6667,79750.0
43233.3333,80550.0
43250.0,79066.6667
43250.0,79833.3333
43250.0,81133.3333
43266.6667,79933.3333
43283.3333,80450.0
43283.3333,81250.0
43283.3333,81466.6667
43300.0,81550.0
43316.6667,79800.0
43316.6667,80833.3333
43316.6667,81750.0
43333.3333,79883.3333
43333.3333,80916.6667
43333.3333,81050.0
43350.0,80300.0
43350.0,81483.3333
43366.6667,80983.3333
43383.3333,80316.6667
43383.3333,80716.6667
43400.0,80350.0
43400.0,80666.6667
43433.3333,79666.6667
43433.3333,80316.6667
43433.3333,81500.0
43450.0,65633.3333
43450.0,80500.0
43466.6667,80533.3333
43466.6667,81183.3333
43483.3333,80483.3333
43516.6667,65600.0
43516.6667,65733.3333
43516.6667,79616.6667
43516.6667,79883.3333
43516.6667,81166.6667
43533.3333,79650.0
43550.0,79583.3333
43550.0,80250.0
43550.0,81383.3333
43566.6667,65566.6667
43566.6667,80933.3333
43566.6667,81700.0
43583.3333,79533.3333
43583.3333,79716.6667
43600.0,65466.6667
43600.0,79500.0
43600.0,80550.0
43600.0,81533.3333
43616.6667,80583.3333
43633.3333,65350.0
43633.3333,65483.3333
43633.3333,79466.6667
43633.3333,80033.3333
43650.0,79933.3333
43666.6667,79416.6667
43683.3333,79766.6667
43683.3333,80433.3333
43700.0,65116.6667
43700.0,65783.3333
43700.0,79366.6667
43700.0,79416.6667
43700.0,79500.0
43700.0,79566.6667
43700.0,79633.3333
43700.0,80366.6667
43716.6667,79250.0
43716.6667,79483.3333
43716.6667,79566.6667
43733.3333,65966.6667
43733.3333,79250.0
43733.3333,79333.3333
43733.3333,80966.6667
43733.3333,81700.0
43750.0,66116.6667
43750.0,79200.0
43750.0,79416.6667
43766.6667,65316.6667
43766.6667,80066.6667
43783.3333,79250.0
43783.3333,79266.6667
43783.3333,79416.6667
43783.3333,79600.0
43783.3333,79933.3333
43800.0,65850.0
43800.0,79416.6667
43833.3333,65066.6667
43833.3333,66116.6667
43833.3333,80533.3333
43833.3333,80850.0
43850.0,65966.6667
43850.0,66150.0
43850.0,79016.6667
43866.6667,78933.3333
43866.6667,79033.3333
43866.6667,79266.6667
43866.6667,79433.3333
43866.6667,79866.6667
43866.6667,80000.0
43883.3333,66083.3333
43883.3333,79733.3333
43883.3333,81300.0
43900.0,78683.3333
43900.0,78866.6667
43900.0,80316.6667
43916.6667,78583.3333
43916.6667,80083.3333
43916.6667,80883.3333
43933.3333,64850.0
43933.3333,79533.3333
43933.3333,81250.0
43950.0,64816.6667
43950.0,77350.0
43950.0,78300.0
43950.0,81516.6667
43966.6667,66133.3333
43966.6667,78166.6667
43966.6667,79250.0
43966.6667,80733.3333
43983.3333,66016.6667
43983.3333,81283.3333
44000.0,77233.3333
44000.0,79466.6667
44016.6667,77150.0
44016.6667,77883.3333
44016.6667,78716.6667
44016.6667,78966.6667
44016.6667,79800.0
44033.3333,64716.6667
44033.3333,77733.3333
44033.3333,81116.6667
44050.0,64750.0
44050.0,66166.6667
44050.0,76933.3333
44050.0,78800.0
44050.0,79450.0
44050.0,80933.3333
44066.6667,78366.6667
44066.6667,80200.0
44066.6667,81583.3333
44083.3333,66033.3333
44083.3333,77366.6667
44083.3333,81133.3333
44100.0,77583.3333
44100.0,78633.3333
44100.0,78933.3333
44100.0,79116.6667
44116.6667,79566.6667
44133.3333,64650.0
44133.3333,78183.3333
44133.3333,78666.6667
44133.3333,81150.0
44150.0,76766.6667
44150.0,78450.0
44150.0,79866.6667
44150.0,81033.3333
44166.6667,77383.3333
44166.6667,80383.3333
44166.6667,81633.3333
44183.3333,66150.0
44183.3333,76766.6667
44183.3333,78566.6667
44183.3333,80816.6667
44200.0,76750.0
44200.0,77033.3333
44200.0,77600.0
44200.0,81233.3333
44216.6667,76533.3333
44216.6667,76866.6667
44216.6667,77366.6667
44233.3333,64450.0
44233.3333,76483.3333
44233.3333,76616.6667
44233.3333,77033.3333
44233.3333,79050.0
44250.0,64550.0
44250.0,76950.0
44250.0,77816.6667
44250.0,78166.6667
44250.0,79466.6667
44250.0,79583.3333
44250.0,80550.0
44266.6667,64600.0
44266.6667,66316.6667
44266.6667,66350.0
44266.6667,79550.0
44266.6667,79883.3333
44283.3333,64366.6667
44283.3333,79916.6667
44300.0,64366.6667
44300.0,76566.6667
44300.0,77550.0
44300.0,77600.0
44300.0,77800.0
44300.0,77950.0
44300.0,78333.3333
44300.0,78550.0
44300.0,79366.6667
44300.0,81100.0
44300.0,81283.3333
44316.6667,64416.6667
44316.6667,79200.0
44316.6667,79883.3333
44316.6667,80100.0
44316.6667,80533.3333
44316.6667,80650.0
44333.3333,66116.6667
44333.3333,76166.6667
44333.3333,76333.3333
44333.3333,76866.6667
44350.0,64250.0
44350.0,78733.3333
44350.0,79033.3333
44350.0,79783.3333
44366.6667,64316.6667
44366.6667,64516.6667
44366.6667,65033.3333
44366.6667,75933.3333
44366.6667,76516.6667
44366.6667,76766.6667
44383.3333,64966.6667
44383.3333,66216.6667
44383.3333,77016.6667
44383.3333,77983.3333
44383.3333,78200.0
44383.3333,79700.0
44416.6667,65983.3333
44416.6667,79000.0
44416.6667,80083.3333
44433.3333,64366.6667
44433.3333,75950.0
44433.3333,77450.0
44433.3333,77616.6667
44433.3333,77883.3333
44433.3333,78266.6667
44433.3333,79150.0
44433.3333,81383.3333
44450.0,64850.0
44450.0,78633.3333
44450.0,79733.3333
44450.0,80883.3333
44466.6667,63600.0
44466.6667,63716.6667
44466.6667,63800.0
44466.6667,76883.3333
44466.6667,76983.3333
44466.6667,77300.0
44483.3333,76683.3333
44483.3333,77683.3333
44500.0,79466.6667
44500.0,80216.6667
44500.0,81366.6667
44516.6667,77216.6667
44516.6667,77483.3333
44516.6667,77616.6667
44516.6667,79616.6667
44533.3333,64233.3333
44533.3333,66016.6667
44533.3333,77783.3333
44533.3333,78550.0
44533.3333,78750.0
44533.3333,81166.6667
44550.0,64716.6667
44550.0,77333.3333
44550.0,78333.3333
44550.0,79183.3333
44550.0,80450.0
44566.6667,65633.3333
44566.6667,80800.0
44566.6667,80850.0
44583.3333,64066.6667
44583.3333,75683.3333
44583.3333,79866.6667
44600.0,65750.0
44600.0,78933.3333
44600.0,79366.6667
44600.0,79416.6667
44600.0,80583.3333
44600.0,81133.3333
44616.6667,63483.3333
44633.3333,63350.0
44633.3333,64050.0
44633.3333,64850.0
44633.3333,65650.0
44633.3333,75850.0
44633.3333,77283.3333
44633.3333,80950.0
44650.0,63266.6667
44650.0,63550.0
44650.0,63600.0
44650.0,65633.3333
44650.0,66850.0
44650.0,75650.0
44650.0,76250.0
44650.0,76316.6667
44650.0,76716.6667
44650.0,77116.6667
44650.0,77550.0
44650.0,79033.3333
44650.0,79266.6667
44666.6667,63566.6667
44666.6667,63950.0
44666.6667,76683.3333
44666.6667,77333.3333
44666.6667,78800.0
44683.3333,75966.6667
44683.3333,76400.0
44683.3333,79883.3333
44700.0,63883.3333
44716.6667,63233.3333
44716.6667,64800.0
44716.6667,65216.6667
44716.6667,75516.6667
44716.6667,78933.3333
44716.6667,79816.6667
44728.8889,63664.4444
44733.3333,64450.0
44733.3333,64700.0
44733.3333,65516.6667
44733.3333,76850.0
44733.3333,81133.3333
44750.0,65516.6667
44750.0,78083.3333
44750.0,79333.3333
44750.0,79700.0
44750.0,79766.6667
44750.0,79816.6667
44750.0,79900.0
44766.6667,66750.0
44766.6667,76683.3333
44766.6667,79333.3333
44766.6667,79933.3333
44783.3333,63150.0
44783.3333,75366.6667
44783.3333,78650.0
44800.0,62700.0
44800.0,65050.0
44800.0,79716.6667
44816.6667,65516.6667
44816.6667,77616.6667
44850.0,65150.0
44850.0,75316.6667
44850.0,77833.3333
44850.0,79500.0
44883.3333,63833.3333
44883.3333,65166.6667
44883.3333,66950.0
44883.3333,76233.3333
44900.0,62416.6667
44900.0,75183.3333
44900.0,76016.6667
44900.0,78383.3333
44916.6667,62383.3333
44916.6667,63233.3333
44916.6667,75833.3333
44916.6667,79366.6667
44933.3333,62533.3333
44933.3333,76683.3333
44933.3333,78733.3333
44950.0,65066.6667
44950.0,65266.6667
44950.0,75066.6667
44966.6667,62116.6667
44966.6667,62250.0
44966.6667,63516.6667
44966.6667,63966.6667
44983.3333,64133.3333
44983.3333,64900.0
44983.3333,77733.3333
44983.3333,79566.6667
44983.3333,81250.0
45000.0,66933.3333
45000.0,72100.0
45000.0,75000.0
45000.0,79300.0
45016.6667,65166.6667
45016.6667,72083.3333
45016.6667,72150.0
45016.6667,74366.6667
45016.6667,74400.0
45016.6667,74733.3333
45016.6667,75633.3333
45016.6667,76833.3333
45016.6667,79616.6667
45033.3333,62000.0
45033.3333,64733.3333
45033.3333,64833.3333
45033.3333,65066.6667
45033.3333,74900.0
45033.3333,76700.0
45033.3333,78216.6667
45033.3333,78516.6667
45033.3333,79300.0
45050.0,63133.3333
45050.0,66900.0
45050.0,73600.0
45050.0,77850.0
45050.0,78800.0
45050.0,79400.0
45066.6667,61900.0
45066.6667,63950.0
45066.6667,64183.3333
45066.6667,64500.0
45066.6667,64633.3333
45066.6667,64800.0
45066.6667,67033.3333
45066.6667,78083.3333
45066.6667,78900.0
45083.3333,63400.0
45083.3333,64366.6667
45083.3333,64400.0
45083.3333,66416.6667
45083.3333,73366.6667
45083.3333,74183.3333
45100.0,64250.0
45100.0,64933.3333
45100.0,72616.6667
45100.0,73750.0
45100.0,75216.6667
45100.0,75350.0
45116.6667,62016.6667
45116.6667,64533.3333
45116.6667,66683.3333
45116.6667,72983.3333
45116.6667,77866.6667
45133.3333,61983.3333
45133.3333,62950.0
45133.3333,63350.0
45133.3333,66583.3333
45133.3333,66816.6667
45133.3333,71800.0
45133.3333,73283.3333
45133.3333,74000.0
45133.3333,74350.0
45133.3333,74483.3333
45133.3333,74500.0
45133.3333,75083.3333
45133.3333,76133.3333
45133.3333,79766.6667
45150.0,64166.6667
45150.0,77250.0
45166.6667,64366.6667
45166.6667,67300.0
45166.6667,72033.3333
45166.6667,74133.3333
45166.6667,81333.3333
45183.3333,61650.0
45183.3333,61666.6667
45183.3333,63716.6667
45183.3333,63883.3333
45183.3333,64450.0
45183.3333,66333.3333
45183.3333,73400.0
45183.3333,73850.0
45183.3333,75833.3333
45200.0,64116.6667
45200.0,64616.6667
45200.0,67266.6667
45200.0,71500.0
45200.0,72750.0
45200.0,73866.6667
45216.6667,61366.6667
45216.6667,61733.3333
45216.6667,64016.6667
45216.6667,67133.3333
45216.6667,72516.6667
45216.6667,73300.0
45216.6667,76200.0
45216.6667,77400.0
45216.6667,79333.3333
45233.3333,61200.0
45233.3333,73800.0
45233.3333,74250.0
45233.3333,77933.3333
45233.3333,78883.3333
45250.0,62016.6667
45250.0,63283.3333
45250.0,63466.6667
45250.0,66100.0
45250.0,73600.0
45250.0,74133.3333
45250.0,75916.6667
45250.0,77116.6667
45250.0,81666.6667
45266.6667,62066.6667
45266.6667,63866.6667
45266.6667,66066.6667
45266.6667,71516.6667
45266.6667,72150.0
45266.6667,74233.3333
45283.3333,67266.6667
45283.3333,71883.3333
45283.3333,72116.6667
45283.3333,72966.6667
45283.3333,74050.0
45283.3333,74233.3333
45283.3333,74850.0
45300.0,64400.0
45300.0,66200.0
45300.0,72266.6667
45300.0,72316.6667
45300.0,73250.0
45300.0,74633.3333
45300.0,75083.3333
45300.0,75883.3333
45300.0,76716.6667
45300.0,78033.3333
45300.0,79933.3333
45316.6667,63516.6667
45316.6667,63783.3333
45316.6667,67200.0
45316.6667,73233.3333
45316.6667,73850.0
45316.6667,73866.6667
45316.6667,73933.3333
45316.6667,74050.0
45316.6667,80083.3333
45333.3333,64766.6667
45333.3333,64783.3333
45333.3333,73816.6667
45333.3333,75250.0
45333.3333,75600.0
45333.3333,75683.3333
45333.3333,75900.0
45333.3333,76283.3333
45333.3333,79216.6667
45333.3333,80033.3333
45350.0,61000.0
45350.0,61250.0
45350.0,64716.6667
45350.0,64816.6667
45350.0,65533.3333
45350.0,66233.3333
45350.0,72516.6667
45350.0,73466.6667
45350.0,74500.0
45350.0,75933.3333
45350.0,76033.3333
45366.6667,63300.0
45366.6667,71866.6667
45366.6667,73550.0
45366.6667,73750.0
45366.6667,73983.3333
45366.6667,75800.0
45366.6667,75883.3333
45366.6667,76483.3333
45366.6667,76983.3333
45366.6667,77616.6667
45383.3333,61983.3333
45383.3333,63916.6667
45383.3333,66000.0
45383.3333,70866.6667
45383.3333,72733.3333
45383.3333,73516.6667
45383.3333,73750.0
45383.3333,74016.6667
45383.3333,75800.0
45383.3333,79783.3333
45400.0,61500.0
45400.0,62183.3333
45400.0,62500.0
45400.0,63700.0
45400.0,64316.6667
45400.0,71900.0
45400.0,72033.3333
45400.0,73000.0
45400.0,73583.3333
45400.0,73916.6667
45400.0,73933.3333
45400.0,74033.3333
45400.0,75850.0
45400.0,78083.3333
45416.6667,63033.3333
45416.6667,63383.3333
45416.6667,63600.0
45416.6667,64033.3333
45416.6667,64550.0
45416.6667,67183.3333
45416.6667,71616.6667
45416.6667,72583.3333
45416.6667,73500.0
45416.6667,73650.0
45416.6667,73666.6667
45416.6667,73683.3333
45416.6667,75700.0
45416.6667,80100.0
45433.3333,63466.6667
45433.3333,63516.6667
45433.3333,72883.3333
45433.3333,73166.6667
45433.3333,73650.0
45433.3333,73750.0
45433.3333,73833.3333
45433.3333,73966.6667
45433.3333,75650.0
45433.3333,75733.3333
45433.3333,76366.6667
45450.0,66350.0
45450.0,71766.6667
45450.0,73266.6667
45450.0,73300.0
45450.0,73483.3333
45450.0,73566.6667
45450.0,73583.3333
45450.0,73650.0
45450.0,73666.6667
45450.0,73750.0
45450.0,73850.0
45450.0,74116.6667
45450.0,74150.0
45450.0,74166.6667
45450.0,75066.6667
45450.0,75250.0
45450.0,75683.3333
45450.0,77316.6667
45450.0,79250.0
45466.6667,62700.0
45466.6667,63600.0
45466.6667,64783.3333
45466.6667,65883.3333
45466.6667,70850.0
45466.6667,71933.3333
45466.6667,73466.6667
45466.6667,73883.3333
45466.6667,74083.3333
45466.6667,74300.0
45466.6667,75516.6667
45466.6667,75700.0
45466.6667,76400.0
45466.6667,76683.3333
45483.3333,61033.3333
45483.3333,71666.6667
45483.3333,72316.6667
45483.3333,72600.0
45483.3333,73500.0
45483.3333,73600.0
45483.3333,73866.6667
45483.3333,73900.0
45483.3333,75600.0
45483.3333,75650.0
45483.3333,77683.3333
45483.3333,79466.6667
45500.0,72900.0
45500.0,73483.3333
45500.0,73500.0
45500.0,73583.3333
45500.0,73816.6667
45500.0,73966.6667
45500.0,74033.3333
45500.0,75816.6667
45500.0,78000.0
45500.0,78233.3333
45516.6667,61016.6667
45516.6667,64333.3333
45516.6667,73616.6667
45516.6667,73650.0
45516.6667,73666.6667
45516.6667,74650.0
45516.6667,75866.6667
45516.6667,76000.0
45516.6667,76233.3333
45516.6667,76416.6667
45516.6667,79300.0
45516.6667,80283.3333
45533.3333,65833.3333
45533.3333,71283.3333
45533.3333,73166.6667
45533.3333,73216.6667
45533.3333,73350.0
45533.3333,73483.3333
45533.3333,73516.6667
45533.3333,73700.0
45533.3333,73716.6667
45533.3333,73816.6667
45533.3333,73883.3333
45533.3333,75283.3333
45533.3333,77100.0
45533.3333,79316.6667
45550.0,62716.6667
45550.0,63550.0
45550.0,73233.3333
45550.0,73666.6667
45550.0,73700.0
45550.0,73733.3333
45550.0,73866.6667
45550.0,74866.6667
45550.0,75416.6667
45550.0,77416.6667
45550.0,78600.0
45550.0,82016.6667
45566.6667,62650.0
45566.6667,63000.0
45566.6667,73200.0
45566.6667,73616.6667
45566.6667,73650.0
45566.6667,73850.0
45566.6667,73900.0
45566.6667,76766.6667
45583.3333,60966.6667
45583.3333,62183.3333
45583.3333,62633.3333
45583.3333,67333.3333
45583.3333,70883.3333
45583.3333,72000.0
45583.3333,73516.6667
45583.3333,73600.0
45583.3333,75233.3333
45583.3333,75416.6667
45583.3333,77250.0
45600.0,61350.0
45600.0,61366.6667
45600.0,64950.0
45600.0,73533.3333
45600.0,73616.6667
45600.0,73733.3333
45600.0,76483.3333
45600.0,79100.0
45600.0,80366.6667
45616.6667,61233.3333
45616.6667,61400.0
45616.6667,61650.0
45616.6667,61966.6667
45616.6667,62416.6667
45616.6667,62616.6667
45616.6667,63666.6667
45616.6667,64783.3333
45616.6667,66083.3333
45616.6667,71616.6667
45616.6667,72950.0
45616.6667,73650.0
45616.6667,73750.0
45616.6667,73783.3333
45616.6667,74600.0
45616.6667,74683.3333
45616.6667,75016.6667
45616.6667,76883.3333
45616.6667,78400.0
45616.6667,79416.6667
45633.3333,60666.6667
45633.3333,61400.0
45633.3333,64050.0
45633.3333,66583.3333
45633.3333,72566.6667
45633.3333,72933.3333
45633.3333,73516.6667
45633.3333,73816.6667
45633.3333,73850.0
45633.3333,74366.6667
45633.3333,74600.0
45633.3333,75933.3333
45633.3333,78816.6667
45633.3333,80083.3333
45650.0,60866.6667
45650.0,61233.3333
45650.0,61516.6667
45650.0,62850.0
45650.0,72900.0
45650.0,73483.3333
45650.0,73766.6667
45650.0,74100.0
45650.0,74333.3333
45650.0,74933.3333
45650.0,76033.3333
45650.0,81983.3333
45666.6667,62700.0
45666.6667,66616.6667
45666.6667,72150.0
45666.6667,73566.6667
45666.6667,79633.3333
45683.3333,61433.3333
45683.3333,63550.0
45683.3333,64216.6667
45683.3333,64383.3333
45683.3333,66100.0
45683.3333,66916.6667
45683.3333,67183.3333
45683.3333,73183.3333
45683.3333,73433.3333
45683.3333,73633.3333
45683.3333,74400.0
45683.3333,76616.6667
45700.0,60733.3333
45700.0,61483.3333
45700.0,62266.6667
45700.0,64433.3333
45700.0,71450.0
45700.0,73783.3333
45716.6667,60250.0
45716.6667,61166.6667
45716.6667,61250.0
45716.6667,63283.3333
45716.6667,64250.0
45716.6667,65516.6667
45716.6667,67000.0
45716.6667,73483.3333
45716.6667,75050.0
45733.3333,63050.0
45733.3333,63866.6667
45733.3333,64216.6667
45733.3333,73450.0
45733.3333,76600.0
45733.3333,76850.0
45733.3333,81800.0
45750.0,62733.3333
45750.0,64716.6667
45750.0,70700.0
45750.0,73483.3333
45766.6667,66150.0
45766.6667,71416.6667
45766.6667,72983.3333
45766.6667,73350.0
45766.6667,73983.3333
45766.6667,74000.0
45766.6667,75583.3333
45766.6667,79400.0
45766.6667,80550.0
45783.3333,63633.3333
45783.3333,71933.3333
45783.3333,72016.6667
45783.3333,73150.0
45783.3333,75100.0
45783.3333,80533.3333
45800.0,61483.3333
45800.0,63466.6667
45800.0,65116.6667
45800.0,71900.0
45800.0,74016.6667
45800.0,75950.0
45816.6667,73433.3333
45816.6667,77116.6667
45816.6667,82583.3333
45833.3333,60133.3333
45833.3333,63583.3333
45833.3333,64200.0
45833.3333,71383.3333
45833.3333,71666.6667
45833.3333,72566.6667
45850.0,63650.0
45850.0,66466.6667
45850.0,70650.0
45850.0,73233.3333
45850.0,73483.3333
45850.0,73766.6667
45850.0,76750.0
45850.0,79366.6667
45866.6667,61966.6667
45866.6667,65816.6667
45866.6667,74083.3333
45883.3333,61500.0
45883.3333,64350.0
45883.3333,66300.0
45883.3333,66900.0
45883.3333,67466.6667
45883.3333,72483.3333
45883.3333,72766.6667
45883.3333,73150.0
45883.3333,73283.3333
45883.3333,80533.3333
45883.3333,80733.3333
45900.0,61100.0
45900.0,71350.0
45900.0,71650.0
45900.0,72516.6667
45900.0,74166.6667
45900.0,77283.3333
45900.0,82250.0
45900.0,82833.3333
45916.6667,59983.3333
45916.6667,64650.0
45916.6667,67033.3333
45916.6667,76916.6667
45916.6667,79983.3333
45916.6667,82466.6667
45916.6667,83116.6667
45933.3333,60000.0
45933.3333,61016.6667
45933.3333,65166.6667
45933.3333,72433.3333
45950.0,60783.3333
45950.0,60900.0
45950.0,64683.3333
45950.0,66633.3333
45950.0,71983.3333
45950.0,73583.3333
45950.0,74150.0
45950.0,75950.0
45950.0,79600.0
45966.6667,60816.6667
45966.6667,61116.6667
45966.6667,62566.6667
45966.6667,66583.3333
45966.6667,66633.3333
45966.6667,67233.3333
45966.6667,70950.0
45966.6667,71816.6667
45966.6667,72383.3333
45966.6667,73216.6667
45966.6667,73466.6667
45966.6667,73716.6667
45966.6667,81933.3333
45983.3333,60983.3333
45983.3333,66200.0
45983.3333,67600.0
45983.3333,79366.6667
45983.3333,80716.6667
46000.0,59850.0
46000.0,64550.0
46000.0,65316.6667
46000.0,67466.6667
46000.0,72916.6667
46016.6667,60650.0
46016.6667,62483.3333
46016.6667,62533.3333
46016.6667,62883.3333
46016.6667,66833.3333
46016.6667,73166.6667
46016.6667,74766.6667
46016.6667,77450.0
46033.3333,59983.3333
46033.3333,61533.3333
46033.3333,65050.0
46033.3333,65866.6667
46033.3333,71366.6667
46033.3333,71916.6667
46033.3333,73133.3333
46033.3333,73433.3333
46033.3333,73700.0
46033.3333,74033.3333
46033.3333,74066.6667
46033.3333,74200.0
46033.3333,74283.3333
46033.3333,78466.6667
46033.3333,80600.0
46050.0,64100.0
46050.0,65550.0
46050.0,70516.6667
46050.0,71966.6667
46050.0,73116.6667
46050.0,81783.3333
46066.6667,61366.6667
46066.6667,62816.6667
46066.6667,67683.3333
46066.6667,72800.0
46066.6667,72833.3333
46066.6667,79116.6667
46066.6667,79350.0
46083.3333,59933.3333
46083.3333,61416.6667
46083.3333,64766.6667
46083.3333,66050.0
46083.3333,71300.0
46083.3333,73166.6667
46083.3333,75616.6667
46083.3333,76050.0
46083.3333,78883.3333
46100.0,60500.0
46100.0,60750.0
46100.0,63933.3333
46100.0,64666.6667
46100.0,64750.0
46100.0,77500.0
46100.0,81716.6667
46116.6667,60216.6667
46116.6667,60233.3333
46116.6667,63783.3333
46116.6667,64950.0
46116.6667,67150.0
46116.6667,70666.6667
46116.6667,70683.3333
46116.6667,74583.3333
46133.3333,59883.3333
46133.3333,66600.0
46133.3333,67183.3333
46133.3333,70366.6667
46133.3333,71216.6667
46133.3333,74183.3333
46133.3333,77700.0
46133.3333,80433.3333
46150.0,60166.6667
46150.0,60283.3333
46150.0,64183.3333
46150.0,67566.6667
46166.6667,60233.3333
46166.6667,62650.0
46166.6667,62916.6667
46166.6667,64566.6667
46166.6667,65883.3333
46166.6667,71883.3333
46166.6667,72233.3333
46166.6667,73416.6667
46166.6667,77566.6667
46166.6667,80700.0
46183.3333,59866.6667
46183.3333,61266.6667
46183.3333,62533.3333
46183.3333,62883.3333
46183.3333,72500.0
46183.3333,73116.6667
46183.3333,82333.3333
46183.3333,82950.0
46200.0,59966.6667
46200.0,60250.0
46200.0,62833.3333
46200.0,70483.3333
46200.0,70766.6667
46200.0,74633.3333
46200.0,82083.3333
46200.0,82666.6667
46200.0,83150.0
46216.6667,60016.6667
46216.6667,63466.6667
46216.6667,63483.3333
46216.6667,64533.3333
46216.6667,71083.3333
46216.6667,71383.3333
46216.6667,71766.6667
46216.6667,72433.3333
46216.6667,72600.0
46216.6667,73016.6667
46216.6667,73533.3333
46216.6667,77883.3333
46216.6667,78066.6667
46216.6667,79366.6667
46233.3333,60216.6667
46233.3333,60283.3333
46233.3333,61283.3333
46233.3333,62616.6667
46233.3333,63133.3333
46233.3333,64533.3333
46233.3333,66616.6667
46233.3333,76016.6667
46233.3333,80866.6667
46233.3333,83333.3333
46250.0,60083.3333
46250.0,60616.6667
46250.0,63116.6667
46250.0,63666.6667
46250.0,63700.0
46250.0,65066.6667
46250.0,67683.3333
46250.0,71516.6667
46250.0,72933.3333
46250.0,73083.3333
46250.0,78283.3333
46250.0,81766.6667
46250.0,83550.0
46250.0,83883.3333
46266.6667,66633.3333
46266.6667,71000.0
46266.6667,79033.3333
46266.6667,81883.3333
46283.3333,63133.3333
46283.3333,66733.3333
46283.3333,72683.3333
46283.3333,72833.3333
46283.3333,73366.6667
46283.3333,74733.3333
46283.3333,83783.3333
46283.3333,84033.3333
46300.0,60616.6667
46300.0,62783.3333
46300.0,63216.6667
46300.0,64716.6667
46300.0,67516.6667
46300.0,70866.6667
46300.0,72266.6667
46300.0,79450.0
46300.0,80800.0
46316.6667,72516.6667
46316.6667,73650.0
46316.6667,74216.6667
46316.6667,78700.0
46333.3333,72433.3333
46333.3333,78833.3333
46333.3333,79416.6667
46333.3333,83933.3333
46350.0,62250.0
46350.0,62966.6667
46350.0,63350.0
46350.0,72550.0
46350.0,80416.6667
46366.6667,60516.6667
46366.6667,62866.6667
46366.6667,63550.0
46366.6667,64750.0
46366.6667,66566.6667
46366.6667,70916.6667
46366.6667,71233.3333
46366.6667,71616.6667
46366.6667,72016.6667
46366.6667,72500.0
46366.6667,74766.6667
46366.6667,74883.3333
46366.6667,75966.6667
46366.6667,79933.3333
46366.6667,81316.6667
46366.6667,81516.6667
46383.3333,61066.6667
46383.3333,71883.3333
46383.3333,75016.6667
46383.3333,80816.6667
46383.3333,82650.0
46400.0,61150.0
46400.0,63783.3333
46400.0,66916.6667
46400.0,67483.3333
46400.0,70500.0
46400.0,74866.6667
46400.0,80116.6667
46400.0,81166.6667
46416.6667,62266.6667
46416.6667,62433.3333
46416.6667,62566.6667
46416.6667,62700.0
46416.6667,63300.0
46416.6667,63816.6667
46416.6667,71933.3333
46416.6667,75366.6667
46433.3333,61100.0
46433.3333,62066.6667
46433.3333,63650.0
46433.3333,63866.6667
46433.3333,64000.0
46433.3333,67716.6667
46433.3333,71016.6667
46433.3333,72350.0
46433.3333,80300.0
46433.3333,81150.0
46450.0,63450.0
46450.0,66400.0
46450.0,79883.3333
46450.0,81166.6667
46466.6667,64733.3333
46466.6667,65250.0
46466.6667,67566.6667
46466.6667,71516.6667
46466.6667,72533.3333
46466.6667,81066.6667
46483.3333,67416.6667
46483.3333,70200.0
46483.3333,70616.6667
46483.3333,72033.3333
46483.3333,72666.6667
46483.3333,80533.3333
46483.3333,80850.0
46483.3333,84066.6667
46500.0,72250.0
46500.0,80966.6667
46500.0,84333.3333
46516.6667,66266.6667
46516.6667,71066.6667
46516.6667,72750.0
46516.6667,75350.0
46516.6667,80033.3333
46533.3333,63683.3333
46533.3333,64050.0
46533.3333,67166.6667
46533.3333,70766.6667
46533.3333,72350.0
46533.3333,72750.0
46533.3333,76033.3333
46550.0,61033.3333
46550.0,66116.6667
46550.0,72100.0
46550.0,72116.6667
46550.0,72466.6667
46550.0,72733.3333
46550.0,75500.0
46550.0,84150.0
46566.6667,63933.3333
46566.6667,70983.3333
46566.6667,71433.3333
46566.6667,71833.3333
46566.6667,72000.0
46566.6667,79416.6667
46566.6667,80816.6667
46566.6667,80866.6667
46583.3333,65333.3333
46583.3333,71616.6667
46583.3333,72050.0
46583.3333,72183.3333
46583.3333,73083.3333
46583.3333,80183.3333
46583.3333,81200.0
46600.0,67733.3333
46600.0,70850.0
46616.6667,53533.3333
46616.6667,61016.6667
46616.6667,65050.0
46616.6667,70966.6667
46616.6667,71733.3333
46616.6667,71933.3333
46616.6667,72666.6667
46616.6667,72733.3333
46616.6667,72766.6667
46633.3333,53600.0
46633.3333,64866.6667
46633.3333,71916.6667
46633.3333,72683.3333
46633.3333,79016.6667
46633.3333,80433.3333
46633.3333,81383.3333
46650.0,60966.6667
46650.0,65866.6667
46650.0,67583.3333
46650.0,70800.0
46650.0,71300.0
46650.0,71566.6667
46666.6667,53083.3333
46666.6667,64066.6667
46666.6667,71733.3333
46666.6667,72133.3333
46666.6667,73916.6667
46666.6667,80750.0
46683.3333,60366.6667
46683.3333,64183.3333
46683.3333,64866.6667
46683.3333,70016.6667
46683.3333,70450.0
46683.3333,71066.6667
46683.3333,71716.6667
46683.3333,71883.3333
46683.3333,72033.3333
46683.3333,72716.6667
46700.0,64216.6667
46700.0,71400.0
46700.0,71583.3333
46700.0,72083.3333
46700.0,75450.0
46700.0,80916.6667
46700.0,81550.0
46716.6667,53266.6667
46716.6667,65416.6667
46716.6667,70716.6667
46716.6667,71266.6667
46716.6667,72566.6667
46716.6667,79083.3333
46716.6667,79100.0
46716.6667,84133.3333
46733.3333,53366.6667
46733.3333,64966.6667
46733.3333,65833.3333
46733.3333,67700.0
46733.3333,70366.6667
46733.3333,71266.6667
46733.3333,75300.0
46750.0,70583.3333
46750.0,71233.3333
46750.0,71266.6667
46750.0,71350.0
46750.0,71700.0
46750.0,71816.6667
46750.0,72250.0
46766.6667,70950.0
46766.6667,71250.0
46766.6667,78983.3333
46783.3333,67500.0
46783.3333,70750.0
46783.3333,71200.0
46783.3333,71300.0
46783.3333,71383.3333
46783.3333,84050.0
46800.0,53650.0
46800.0,54066.6667
46800.0,64066.6667
46800.0,67716.6667
46800.0,70200.0
46800.0,71166.6667
46800.0,71250.0
46800.0,71316.6667
46800.0,72500.0
46816.6667,65800.0
46816.6667,71200.0
46816.6667,71250.0
46816.6667,79583.3333
46816.6667,80950.0
46833.3333,65783.3333
46833.3333,70850.0
46833.3333,71166.6667
46850.0,69900.0
46850.0,71183.3333
46850.0,71350.0
46850.0,71366.6667
46850.0,71616.6667
46850.0,72450.0
46850.0,81016.6667
46866.6667,53616.6667
46866.6667,55816.6667
46866.6667,70916.6667
46866.6667,71266.6667
46866.6667,71366.6667
46866.6667,71433.3333
46866.6667,72383.3333
46866.6667,75316.6667
46883.3333,53966.6667
46883.3333,65516.6667
46883.3333,70816.6667
46883.3333,71150.0
46883.3333,71166.6667
46883.3333,71283.3333
46883.3333,71516.6667
46883.3333,71833.3333
46900.0,55400.0
46900.0,55966.6667
46900.0,60466.6667
46900.0,65183.3333
46900.0,65633.3333
46900.0,67383.3333
46900.0,71133.3333
46900.0,79633.3333
46900.0,84600.0
46916.6667,53583.3333
46916.6667,54183.3333
46933.3333,52966.6667
46933.3333,55550.0
46933.3333,70733.3333
46933.3333,71466.6667
46933.3333,74016.6667
46950.0,55983.3333
46950.0,64033.3333
46950.0,65600.0
46950.0,69783.3333
46966.6667,52966.6667
46966.6667,53700.0
46966.6667,65733.3333
46966.6667,70550.0
46966.6667,70950.0
46966.6667,71016.6667
46983.3333,65550.0
46983.3333,65566.6667
46983.3333,71366.6667
46983.3333,72183.3333
47000.0,60466.6667
47000.0,60516.6667
47000.0,70816.6667
47016.6667,52916.6667
47016.6667,53616.6667
47016.6667,70933.3333
47033.3333,65183.3333
47033.3333,65433.3333
47033.3333,79266.6667
47050.0,55183.3333
47050.0,67733.3333
47050.0,70850.0
47050.0,70883.3333
47066.6667,55866.6667
47066.6667,65383.3333
47066.6667,79783.3333
47083.3333,52950.0
47100.0,54066.6667
47100.0,55783.3333
47100.0,69983.3333
47100.0,81933.3333
47116.6667,53516.6667
47116.6667,65600.0
47116.6667,70183.3333
47116.6667,70333.3333
47116.6667,70850.0
47133.3333,53500.0
47133.3333,54066.6667
47133.3333,55533.3333
47133.3333,70766.6667
47150.0,55133.3333
47166.6667,55166.6667
47166.6667,67916.6667
47166.6667,72633.3333
47183.3333,54050.0
47183.3333,55050.0
47183.3333,79316.6667
47200.0,65150.0
47200.0,68833.3333
47200.0,70266.6667
47200.0,79366.6667
47216.6667,52850.0
47216.6667,53566.6667
47216.6667,74366.6667
47233.3333,53966.6667
47233.3333,55366.6667
47233.3333,61850.0
47233.3333,65050.0
47250.0,52850.0
47250.0,72250.0
47250.0,81466.6667
47266.6667,54916.6667
47283.3333,52833.3333
47283.3333,53883.3333
47283.3333,54816.6667
47283.3333,65616.6667
47283.3333,79333.3333
47283.3333,79716.6667
47300.0,54000.0
47300.0,82100.0
47316.6667,53916.6667
47316.6667,70150.0
47316.6667,70183.3333
47316.6667,70566.6667
47333.3333,52833.3333
47333.3333,68666.6667
47333.3333,69683.3333
47333.3333,69983.3333
47333.3333,79433.3333
47333.3333,79800.0
47333.3333,84550.0
47366.6667,54916.6667
47366.6667,61933.3333
47366.6667,68333.3333
47366.6667,70033.3333
47383.3333,53133.3333
47383.3333,54166.6667
47383.3333,54783.3333
47383.3333,61866.6667
47383.3333,68900.0
47383.3333,79683.3333
47400.0,54333.3333
47400.0,54516.6667
47400.0,68866.6667
47416.6667,53533.3333
47416.6667,69950.0
47416.6667,79283.3333
47416.6667,81533.3333
47433.3333,53166.6667
47433.3333,53216.6667
47433.3333,53800.0
47433.3333,54466.6667
47433.3333,69033.3333
47433.3333,69050.0
47433.3333,69416.6667
47433.3333,69883.3333
47433.3333,70500.0
47433.3333,79633.3333
47433.3333,82333.3333
47450.0,52716.6667
47450.0,53233.3333
47450.0,69150.0
47450.0,69216.6667
47450.0,69750.0
47450.0,69883.3333
47450.0,72783.3333
47450.0,79433.3333
47466.6667,53083.3333
47466.6667,55533.3333
47466.6667,69000.0
47466.6667,79433.3333
47483.3333,54200.0
47483.3333,55116.6667
47483.3333,55833.3333
47483.3333,69283.3333
47483.3333,70383.3333
47500.0,53016.6667
47500.0,55450.0
47500.0,55783.3333
47500.0,64916.6667
47500.0,67383.3333
47500.0,69933.3333
47500.0,76700.0
47500.0,79666.6667
47516.6667,52783.3333
47516.6667,52966.6667
47516.6667,53216.6667
47516.6667,53666.6667
47516.6667,55450.0
47516.6667,57416.6667
47516.6667,69816.6667
47533.3333,52933.3333
47533.3333,53300.0
47533.3333,54100.0
47533.3333,54966.6667
47533.3333,68916.6667
47550.0,52666.6667
47550.0,53550.0
47550.0,53666.6667
47550.0,55933.3333
47550.0,56883.3333
47550.0,61566.6667
47550.0,68650.0
47550.0,69416.6667
47550.0,79233.3333
47566.6667,54233.3333
47566.6667,56750.0
47566.6667,59150.0
47566.6667,70200.0
47566.6667,70400.0
47583.3333,53300.0
47583.3333,53550.0
47583.3333,56816.6667
47583.3333,57266.6667
47583.3333,82766.6667
47600.0,55916.6667
47600.0,56416.6667
47600.0,57633.3333
47600.0,59016.6667
47600.0,65650.0
47600.0,68800.0
47600.0,69733.3333
47600.0,69800.0
47600.0,79650.0
47616.6667,53300.0
47616.6667,55233.3333
47616.6667,58716.6667
47616.6667,59233.3333
47616.6667,69633.3333
47633.3333,52683.3333
47633.3333,52850.0
47633.3333,53500.0
47633.3333,53750.0
47633.3333,67333.3333
47633.3333,70150.0
47633.3333,80000.0
47650.0,52733.3333
47650.0,52933.3333
47650.0,53216.6667
47650.0,53966.6667
47650.0,54150.0
47650.0,54933.3333
47650.0,55233.3333
47650.0,70166.6667
47650.0,80166.6667
47650.0,80783.3333
47666.6667,54083.3333
47666.6667,58233.3333
47666.6667,64833.3333
47666.6667,69050.0
47666.6667,69733.3333
47666.6667,70383.3333
47666.6667,72266.6667
47666.6667,80233.3333
47666.6667,81716.6667
47683.3333,53250.0
47683.3333,53883.3333
47683.3333,54716.6667
47683.3333,55466.6667
47683.3333,59316.6667
47683.3333,65433.3333
47683.3333,67100.0
47683.3333,68883.3333
47683.3333,69633.3333
47683.3333,70233.3333
47683.3333,73050.0
47683.3333,80733.3333
47700.0,54233.3333
47700.0,64850.0
47700.0,65166.6667
47700.0,69283.3333
47716.6667,52716.6667
47716.6667,52833.3333
47716.6667,53500.0
47716.6667,69133.3333
47716.6667,79816.6667
47716.6667,80333.3333
47716.6667,83200.0
47733.3333,53250.0
47733.3333,64700.0
47733.3333,65716.6667
47733.3333,69983.3333
47750.0,53200.0
47750.0,65366.6667
47766.6667,52766.6667
47766.6667,53216.6667
47766.6667,54216.6667
47766.6667,69483.3333
47766.6667,69616.6667
47766.6667,69950.0
47783.3333,53166.6667
47783.3333,53483.3333
47783.3333,59233.3333
47783.3333,64633.3333
47783.3333,64950.0
47800.0,53166.6667
47800.0,69150.0
47800.0,79816.6667
47816.6667,53450.0
47816.6667,59200.0
47816.6667,65183.3333
47816.6667,66883.3333
47816.6667,79866.6667
47816.6667,80000.0
47833.3333,54166.6667
47833.3333,59316.6667
47833.3333,64700.0
47833.3333,69533.3333
47833.3333,83400.0
47850.0,53983.3333
47850.0,59150.0
47850.0,65766.6667
47850.0,69883.3333
47850.0,73550.0
47866.6667,53366.6667
47866.6667,53933.3333
47866.6667,55850.0
47866.6667,59366.6667
47866.6667,68733.3333
47883.3333,54250.0
47883.3333,74183.3333
47900.0,53083.3333
47900.0,73883.3333
47900.0,83183.3333
47916.6667,53366.6667
47916.6667,59033.3333
47916.6667,66000.0
47916.6667,69100.0
47916.6667,69500.0
47916.6667,74616.6667
47933.3333,79250.0
47950.0,72166.6667
47950.0,83783.3333
47950.0,84916.6667
47966.6667,53333.3333
47966.6667,66283.3333
47966.6667,66766.6667
47966.6667,66933.3333
47983.3333,71433.3333
48000.0,53000.0
48000.0,65333.3333
48000.0,66666.6667
48000.0,66766.6667
48000.0,80650.0
48000.0,84783.3333
48016.6667,53266.6667
48016.6667,54016.6667
48016.6667,58950.0
48016.6667,69050.0
48016.6667,69333.3333
48016.6667,78933.3333
48016.6667,79950.0
48033.3333,52983.3333
48033.3333,53116.6667
48033.3333,65250.0
48033.3333,66483.3333
48033.3333,69216.6667
48050.0,53633.3333
48050.0,53766.6667
48050.0,65466.6667
48050.0,66616.6667
48050.0,67083.3333
48066.6667,52933.3333
48066.6667,58866.6667
48066.6667,65566.6667
48066.6667,66366.6667
48066.6667,80016.6667
48083.3333,53016.6667
48083.3333,53916.6667
48083.3333,82100.0
48083.3333,84550.0
48100.0,53750.0
48100.0,65683.3333
48100.0,66100.0
48100.0,69733.3333
48100.0,72183.3333
48100.0,77766.6667
48100.0,77900.0
48100.0,79716.6667
48100.0,80100.0
48100.0,83916.6667
48116.6667,69166.6667
48116.6667,75216.6667
48116.6667,75366.6667
48116.6667,77766.6667
48116.6667,84066.6667
48133.3333,53583.3333
48133.3333,53916.6667
48133.3333,65816.6667
48133.3333,66300.0
48133.3333,78116.6667
48133.3333,82266.6667
48150.0,53966.6667
48150.0,69716.6667
48150.0,72216.6667
48150.0,77483.3333
48150.0,79950.0
48150.0,80033.3333
48150.0,84033.3333
48166.6667,52933.3333
48166.6667,53716.6667
48166.6667,65833.3333
48166.6667,67150.0
48166.6667,75633.3333
48166.6667,77550.0
48166.6667,79533.3333
48183.3333,53533.3333
48183.3333,53983.3333
48183.3333,58850.0
48183.3333,64983.3333
48200.0,58866.6667
48200.0,64866.6667
48200.0,69016.6667
48200.0,79250.0
48200.0,79416.6667
48216.6667,78383.3333
48216.6667,78916.6667
48233.3333,53966.6667
48233.3333,58816.6667
48233.3333,69816.6667
48233.3333,70183.3333
48233.3333,76583.3333
48233.3333,77933.3333
48250.0,58766.6667
48250.0,65900.0
48250.0,67250.0
48250.0,69550.0
48250.0,72083.3333
48250.0,79016.6667
48250.0,79033.3333
48250.0,82433.3333
48250.0,84533.3333
48250.0,89883.3333
48266.6667,54166.6667
48266.6667,64750.0
48266.6667,72166.6667
48283.3333,53466.6667
48283.3333,68866.6667
48283.3333,80233.3333
48300.0,67583.3333
48300.0,70850.0
48300.0,84083.3333
48316.6667,123550.0
48316.6667,58683.3333
48333.3333,64666.6667
48333.3333,70866.6667
48333.3333,70883.3333
48333.3333,72133.3333
48333.3333,72166.6667
48333.3333,78116.6667
48333.3333,88816.6667
48350.0,54166.6667
48350.0,64616.6667
48350.0,67216.6667
48350.0,68450.0
48350.0,69416.6667
48350.0,70883.3333
48350.0,77983.3333
48350.0,78116.6667
48350.0,84266.6667
48366.6667,123533.3333
48366.6667,53383.3333
48366.6667,53866.6667
48366.6667,68700.0
48366.6667,78866.6667
48366.6667,79416.6667
48366.6667,80250.0
48383.3333,123683.3333
48383.3333,123733.3333
48383.3333,58583.3333
48383.3333,64500.0
48383.3333,71683.3333
48383.3333,77666.6667
48400.0,53350.0
48400.0,53633.3333
48400.0,71683.3333
48400.0,77250.0
48400.0,77350.0
48400.0,89233.3333
48416.6667,53600.0
48416.6667,53883.3333
48416.6667,67333.3333
48416.6667,71250.0
48416.6667,71950.0
48416.6667,77516.6667
48416.6667,80316.6667
48416.6667,89616.6667
48433.3333,123316.6667
48433.3333,123350.0
48433.3333,123416.6667
48433.3333,53800.0
48433.3333,54016.6667
48433.3333,58500.0
48433.3333,64333.3333
48433.3333,68150.0
48433.3333,68516.6667
48433.3333,68583.3333
48433.3333,71033.3333
48433.3333,71066.6667
48433.3333,71133.3333
48433.3333,71183.3333
48433.3333,71250.0
48433.3333,71866.6667
48433.3333,72050.0
48433.3333,77633.3333
48450.0,123500.0
48450.0,123533.3333
48450.0,58483.3333
48450.0,70900.0
48450.0,71066.6667
48450.0,71216.6667
48450.0,78883.3333
48466.6667,67433.3333
48466.6667,71233.3333
48466.6667,71666.6667
48466.6667,78066.6667
48466.6667,78133.3333
48466.6667,81200.0
48466.6667,81283.3333
48466.6667,81333.3333
48466.6667,84416.6667
48483.3333,53100.0
48483.3333,68433.3333
48483.3333,71783.3333
48483.3333,72350.0
48483.3333,77800.0
48483.3333,80383.3333
48483.3333,84950.0
48500.0,53500.0
48500.0,54216.6667
48500.0,59116.6667
48500.0,77666.6667
48516.6667,53083.3333
48516.6667,58416.6667
48516.6667,58900.0
48516.6667,68333.3333
48516.6667,68466.6667
48516.6667,72216.6667
48516.6667,77683.3333
48516.6667,79216.6667
48516.6667,82916.6667
48533.3333,123550.0
48533.3333,67566.6667
48533.3333,67850.0
48533.3333,68083.3333
48533.3333,71083.3333
48533.3333,80466.6667
48533.3333,80683.3333
48533.3333,89583.3333
48550.0,124416.6667
48550.0,53333.3333
48550.0,53483.3333
48550.0,58566.6667
48550.0,58733.3333
48550.0,58916.6667
48550.0,67683.3333
48550.0,71316.6667
48550.0,71650.0
48550.0,77950.0
48550.0,88966.6667
48566.6667,53100.0
48566.6667,58816.6667
48566.6667,69233.3333
48566.6667,71633.3333
48566.6667,71650.0
48566.6667,72250.0
48566.6667,78116.6667
48566.6667,78833.3333
48566.6667,88733.3333
48583.3333,123466.6667
48583.3333,123516.6667
48583.3333,53200.0
48583.3333,67833.3333
48583.3333,68183.3333
48583.3333,71550.0
48583.3333,71633.3333
48583.3333,81016.6667
48583.3333,85283.3333
48583.3333,89900.0
48600.0,53400.0
48600.0,68116.6667
48600.0,72333.3333
48600.0,83350.0
48600.0,89983.3333
48616.6667,123633.3333
48616.6667,53033.3333
48616.6667,59100.0
48616.6667,64266.6667
48616.6667,77633.3333
48616.6667,78366.6667
48616.6667,80933.3333
48616.6667,93416.6667
48616.6667,93533.3333
48616.6667,93833.3333
48633.3333,53100.0
48633.3333,64183.3333
48633.3333,67116.6667
48633.3333,71700.0
48633.3333,80866.6667
48633.3333,88766.6667
48633.3333,90066.6667
48650.0,123416.6667
48650.0,124816.6667
48650.0,53766.6667
48650.0,58250.0
48650.0,58650.0
48650.0,58983.3333
48650.0,64350.0
48650.0,72450.0
48650.0,77983.3333
48650.0,80683.3333
48650.0,86283.3333
48650.0,90433.3333
48650.0,93983.3333
48666.6667,53650.0
48666.6667,54050.0
48666.6667,67333.3333
48666.6667,67983.3333
48666.6667,71516.6667
48666.6667,71816.6667
48666.6667,74950.0
48666.6667,77466.6667
48666.6667,77633.3333
48666.6667,78700.0
48666.6667,78983.3333
48666.6667,79200.0
48666.6667,90250.0
48683.3333,123600.0
48683.3333,54116.6667
48683.3333,71366.6667
48683.3333,71666.6667
48683.3333,80733.3333
48683.3333,85650.0
48683.3333,93650.0
48700.0,53800.0
48700.0,58916.6667
48700.0,72650.0
48700.0,77733.3333
48700.0,80783.3333
48700.0,94300.0
48716.6667,67866.6667
48716.6667,78866.6667
48716.6667,86383.3333
48716.6667,90733.3333
48716.6667,94566.6667
48733.3333,123616.6667
48733.3333,69066.6667
48733.3333,71850.0
48733.3333,90933.3333
48733.3333,92083.3333
48750.0,64583.3333
48750.0,80683.3333
48750.0,86366.6667
48750.0,88583.3333
48750.0,91200.0
48750.0,91616.6667
48750.0,92283.3333
48766.6667,64383.3333
48766.6667,79000.0
48766.6667,80666.6667
48766.6667,83600.0
48766.6667,92616.6667
48766.6667,92833.3333
48783.3333,123483.3333
48783.3333,123700.0
48783.3333,54216.6667
48783.3333,67700.0
48783.3333,87100.0
48800.0,79200.0
48800.0,86966.6667
48800.0,87266.6667
48800.0,93983.3333
48816.6667,124033.3333
48816.6667,56533.3333
48816.6667,56866.6667
48816.6667,64450.0
48816.6667,80816.6667
48833.3333,125150.0
48833.3333,64483.3333
48833.3333,64600.0
48833.3333,72516.6667
48833.3333,78866.6667
48833.3333,79366.6667
48833.3333,87516.6667
48833.3333,89916.6667
48833.3333,91666.6667
48850.0,123300.0
48850.0,123516.6667
48850.0,53683.3333
48850.0,53983.3333
48850.0,54016.6667
48850.0,56466.6667
48850.0,67516.6667
48850.0,88483.3333
48850.0,93916.6667
48866.6667,123650.0
48866.6667,123716.6667
48866.6667,64200.0
48866.6667,67100.0
48866.6667,67450.0
48866.6667,72233.3333
48866.6667,72416.6667
48866.6667,79500.0
48866.6667,80850.0
48866.6667,94166.6667
48883.3333,123316.6667
48883.3333,124200.0
48883.3333,64550.0
48883.3333,72666.6667
48900.0,54433.3333
48900.0,67333.3333
48900.0,72200.0
48900.0,87683.3333
48900.0,88350.0
48916.6667,123700.0
48916.6667,80133.3333
48933.3333,125516.6667
48933.3333,55650.0
48933.3333,64300.0
48933.3333,67166.6667
48933.3333,94383.3333
48950.0,53916.6667
48950.0,54550.0
48950.0,55666.6667
48950.0,57933.3333
48950.0,68650.0
48950.0,79483.3333
48950.0,88283.3333
48950.0,90250.0
48966.6667,56033.3333
48966.6667,57800.0
48966.6667,57916.6667
48966.6667,58000.0
48966.6667,65516.6667
48983.3333,123816.6667
48983.3333,53700.0
48983.3333,64383.3333
48983.3333,66983.3333
48983.3333,80716.6667
49000.0,102266.6667
49000.0,102550.0
49000.0,111950.0
49000.0,115166.6667
49000.0,54883.3333
49000.0,72166.6667
49000.0,72550.0
49000.0,79366.6667
49000.0,97200.0
49000.0,97550.0
49016.6667,113383.3333
49016.6667,118216.6667
49016.6667,118783.3333
49016.6667,123083.3333
49016.6667,125000.0
49016.6667,55516.6667
49016.6667,56316.6667
49016.6667,57616.6667
49016.6667,80833.3333
49016.6667,88250.0
49016.6667,95433.3333
49033.3333,113033.3333
49033.3333,119466.6667
49033.3333,122816.6667
49033.3333,53866.6667
49033.3333,95650.0
49033.3333,95766.6667
49050.0,101166.6667
49050.0,113916.6667
49050.0,118466.6667
49050.0,122300.0
49050.0,53583.3333
49050.0,58183.3333
49050.0,58383.3333
49050.0,64483.3333
49050.0,90466.6667
49066.6667,105383.3333
49066.6667,110450.0
49066.6667,115183.3333
49066.6667,118983.3333
49066.6667,123866.6667
49066.6667,72350.0
49066.6667,81016.6667
49066.6667,84100.0
49066.6667,95966.6667
49066.6667,97016.6667
49083.3333,100983.3333
49083.3333,104466.6667
49083.3333,116100.0
49083.3333,117816.6667
49083.3333,123083.3333
49083.3333,55266.6667
49083.3333,57550.0
49083.3333,66683.3333
49083.3333,90283.3333
49083.3333,96133.3333
49083.3333,96700.0
49083.3333,99333.3333
49100.0,100600.0
49100.0,100800.0
49100.0,105166.6667
49100.0,106366.6667
49100.0,116516.6667
49100.0,117716.6667
49100.0,122650.0
49100.0,122733.3333
49100.0,122833.3333
49100.0,122866.6667
49100.0,123966.6667
49100.0,53583.3333
49100.0,58366.6667
49100.0,94316.6667
49100.0,95833.3333
49100.0,96266.6667
49100.0,97566.6667
49116.6667,109266.6667
49116.6667,117550.0
49116.6667,53616.6667
49116.6667,55083.3333
49116.6667,58066.6667
49116.6667,66483.3333
49116.6667,68383.3333
49133.3333,103316.6667
49133.3333,103483.3333
49133.3333,103800.0
49133.3333,104183.3333
49133.3333,112083.3333
49133.3333,113600.0
49133.3333,118683.3333
49133.3333,122300.0
49133.3333,123183.3333
49133.3333,123850.0
49133.3333,125900.0
49133.3333,62533.3333
49133.3333,64750.0
49133.3333,81383.3333
49133.3333,85800.0
49133.3333,88333.3333
49133.3333,97150.0
49133.3333,98950.0
49133.3333,99466.6667
49150.0,102800.0
49150.0,103000.0
49150.0,107800.0
49150.0,116333.3333
49150.0,118566.6667
49150.0,123916.6667
49150.0,125916.6667
49150.0,53583.3333
49150.0,55366.6667
49150.0,68200.0
49166.6667,101450.0
49166.6667,101783.3333
49166.6667,104583.3333
49166.6667,104600.0
49166.6667,121950.0
49166.6667,122966.6667
49166.6667,57116.6667
49166.6667,64916.6667
49183.3333,100500.0
49183.3333,101250.0
49183.3333,103666.6667
49183.3333,105600.0
49183.3333,105950.0
49183.3333,108083.3333
49183.3333,119550.0
49183.3333,122066.6667
49183.3333,123850.0
49183.3333,125916.6667
49183.3333,53533.3333
49183.3333,57433.3333
49183.3333,64883.3333
49183.3333,68266.6667
49183.3333,81066.6667
49183.3333,95966.6667
49183.3333,97766.6667
49183.3333,97933.3333
49183.3333,98100.0
49183.3333,99666.6667
49200.0,102416.6667
49200.0,108383.3333
49200.0,108400.0
49200.0,108733.3333
49200.0,110866.6667
49200.0,113316.6667
49200.0,117283.3333
49200.0,119816.6667
49200.0,122850.0
49200.0,124016.6667
49200.0,66166.6667
49200.0,97550.0
49200.0,98900.0
49216.6667,102166.6667
49216.6667,109800.0
49216.6667,122816.6667
49216.6667,122916.6667
49216.6667,63050.0
49216.6667,65133.3333
49216.6667,65750.0
49216.6667,65916.6667
49216.6667,68150.0
49216.6667,84783.3333
49216.6667,99333.3333
49216.6667,99883.3333
49233.3333,100050.0
49233.3333,107733.3333
49233.3333,121766.6667
49233.3333,122683.3333
49233.3333,124800.0
49233.3333,53516.6667
49233.3333,55066.6667
49233.3333,65316.6667
49233.3333,98533.3333
49250.0,100750.0
49250.0,103816.6667
49250.0,116616.6667
49250.0,116683.3333
49250.0,122500.0
49250.0,122950.0
49250.0,123133.3333
49250.0,124183.3333
49250.0,65566.6667
49250.0,81666.6667
49250.0,90566.6667
49250.0,96050.0
49266.6667,100983.3333
49266.6667,102283.3333
49266.6667,122783.3333
49266.6667,124800.0
49266.6667,54500.0
49266.6667,54833.3333
49266.6667,55066.6667
49266.6667,61850.0
49266.6667,63216.6667
49283.3333,112200.0
49283.3333,113183.3333
49283.3333,115833.3333
49283.3333,117616.6667
49283.3333,117650.0
49283.3333,122850.0
49283.3333,122933.3333
49283.3333,126050.0
49283.3333,53616.6667
49283.3333,54933.3333
49283.3333,81633.3333
49283.3333,81850.0
49283.3333,96150.0
49300.0,105416.6667
49300.0,115116.6667
49300.0,122866.6667
49300.0,124316.6667
49300.0,124483.3333
49300.0,69583.3333
49300.0,82033.3333
49316.6667,100850.0
49316.6667,103250.0
49316.6667,117666.6667
49316.6667,120533.3333
49316.6667,123066.6667
49316.6667,124850.0
49316.6667,124983.3333
49316.6667,55400.0
49316.6667,67600.0
49316.6667,81033.3333
49316.6667,96300.0
49333.3333,123166.6667
49333.3333,54733.3333
49333.3333,55083.3333
49350.0,120083.3333
49350.0,123033.3333
49350.0,123266.6667
49350.0,123283.3333
49350.0,124450.0
49350.0,54516.6667
49350.0,82150.0
49350.0,97050.0
49350.0,97366.6667
49366.6667,104066.6667
49366.6667,106383.3333
49366.6667,109266.6667
49366.6667,113516.6667
49366.6667,123266.6667
49366.6667,126250.0
49366.6667,54266.6667
49366.6667,55333.3333
49366.6667,88133.3333
49366.6667,97950.0
49366.6667,98250.0
49366.6667,99116.6667
49383.3333,100666.6667
49383.3333,100966.6667
49383.3333,101716.6667
49383.3333,101866.6667
49383.3333,102750.0
49383.3333,121433.3333
49383.3333,99233.3333
49400.0,100016.6667
49400.0,103400.0
49400.0,103700.0
49400.0,105116.6667
49400.0,105633.3333
49400.0,110700.0
49400.0,123500.0
49400.0,98800.0
49400.0,99633.3333
49416.6667,106683.3333
49416.6667,107066.6667
49416.6667,112383.3333
49416.6667,112883.3333
49416.6667,115400.0
49416.6667,123500.0
49416.6667,123616.6667
49416.6667,54366.6667
49416.6667,56066.6667
49416.6667,67316.6667
49416.6667,82433.3333
49416.6667,90916.6667
49416.6667,91666.6667
49416.6667,99450.0
49433.3333,100266.6667
49433.3333,109833.3333
49433.3333,117533.3333
49433.3333,117550.0
49433.3333,123483.3333
49433.3333,124683.3333
49433.3333,53950.0
49433.3333,54666.6667
49433.3333,88116.6667
49433.3333,96383.3333
49450.0,104600.0
49450.0,120500.0
49450.0,54050.0
49450.0,57766.6667
49450.0,57900.0
49466.6667,104283.3333
49466.6667,106350.0
49466.6667,112666.6667
49466.6667,115450.0
49466.6667,116766.6667
49466.6667,123766.6667
49466.6667,82683.3333
49483.3333,100516.6667
49483.3333,106016.6667
49483.3333,111100.0
49483.3333,111433.3333
49483.3333,113950.0
49483.3333,114983.3333
49483.3333,117283.3333
49483.3333,124350.0
49483.3333,126400.0
49483.3333,54833.3333
49483.3333,55283.3333
49483.3333,56100.0
49483.3333,58116.6667
49500.0,111800.0
49500.0,115066.6667
49500.0,119133.3333
49500.0,119583.3333
49500.0,123916.6667
49500.0,55250.0
49500.0,55400.0
49500.0,55716.6667
49500.0,57883.3333
49500.0,57933.3333
49500.0,76083.3333
49500.0,97050.0
49500.0,98000.0
49516.6667,105616.6667
49516.6667,108816.6667
49516.6667,112183.3333
49516.6667,112516.6667
49516.6667,113950.0
49516.6667,114650.0
49516.6667,115766.6667
49516.6667,123483.3333
49516.6667,123916.6667
49516.6667,54533.3333
49516.6667,96683.3333
49516.6667,97700.0
49516.6667,99683.3333
49533.3333,124816.6667
49533.3333,55833.3333
49533.3333,56866.6667
49533.3333,57866.6667
49533.3333,82866.6667
49533.3333,83833.3333
49533.3333,97366.6667
49533.3333,98550.0
49550.0,100950.0
49550.0,101083.3333
49550.0,105050.0
49550.0,113766.6667
49550.0,120750.0
49550.0,81350.0
49550.0,83016.6667
49550.0,99083.3333
49550.0,99283.3333
49566.6667,101700.0
49566.6667,104916.6667
49566.6667,114066.6667
49566.6667,117650.0
49566.6667,121433.3333
49566.6667,54250.0
49566.6667,54850.0
49566.6667,74583.3333
49566.6667,81366.6667
49583.3333,114366.6667
49583.3333,114966.6667
49583.3333,56183.3333
49583.3333,56833.3333
49583.3333,99450.0
49600.0,102083.3333
49600.0,108716.6667
49600.0,114433.3333
49600.0,119666.6667
49600.0,124883.3333
49600.0,126633.3333
49600.0,54166.6667
49600.0,54300.0
49600.0,55683.3333
49600.0,55966.6667
49600.0,83166.6667
49600.0,87950.0
49600.0,97316.6667
49616.6667,100250.0
49616.6667,104750.0
49616.6667,105983.3333
49616.6667,115633.3333
49616.6667,116800.0
49616.6667,116950.0
49616.6667,124033.3333
49616.6667,125016.6667
49616.6667,54583.3333
49616.6667,56183.3333
49616.6667,57950.0
49616.6667,63800.0
49616.6667,83266.6667
49616.6667,83333.3333
49616.6667,86150.0
49616.6667,92316.6667
49616.6667,95183.3333
49616.6667,95616.6667
49633.3333,102266.6667
49633.3333,102483.3333
49633.3333,102666.6667
49633.3333,104216.6667
49633.3333,104466.6667
49633.3333,114500.0
49633.3333,115950.0
49633.3333,116966.6667
49633.3333,123183.3333
49633.3333,55800.0
49633.3333,95716.6667
49633.3333,98700.0
49650.0,106266.6667
49650.0,108416.6667
49650.0,54383.3333
49650.0,54750.0
49650.0,76483.3333
49650.0,91000.0
49650.0,96450.0
49666.6667,103433.3333
49666.6667,103850.0
49666.6667,106850.0
49666.6667,107000.0
49666.6667,67166.6667
49666.6667,83516.6667
49666.6667,87650.0
49666.6667,95900.0
49666.6667,96666.6667
49666.6667,98000.0
49683.3333,103016.6667
49683.3333,115983.3333
49683.3333,124933.3333
49683.3333,125000.0
49683.3333,54050.0
49683.3333,55983.3333
49683.3333,81516.6667
49683.3333,87516.6667
49683.3333,97266.6667
49700.0,106566.6667
49700.0,112833.3333
49700.0,123150.0
49700.0,54283.3333
49700.0,56150.0
49700.0,74583.3333
49700.0,83666.6667
49700.0,86950.0
49700.0,92500.0
49716.6667,100966.6667
49716.6667,104600.0
49716.6667,107733.3333
49716.6667,108016.6667
49716.6667,108133.3333
49716.6667,120133.3333
49716.6667,64066.6667
49716.6667,86966.6667
49716.6667,92600.0
49716.6667,96733.3333
49733.3333,101233.3333
49733.3333,101783.3333
49733.3333,104950.0
49733.3333,112616.6667
49733.3333,113400.0
49733.3333,114850.0
49733.3333,54166.6667
49733.3333,57933.3333
49733.3333,95200.0
49750.0,107483.3333
49750.0,124550.0
49750.0,56033.3333
49750.0,77633.3333
49750.0,96433.3333
49766.6667,100466.6667
49766.6667,100633.3333
49766.6667,112450.0
49766.6667,115716.6667
49766.6667,116850.0
49766.6667,117466.6667
49766.6667,119750.0
49766.6667,120766.6667
49766.6667,123150.0
49766.6667,124316.6667
49766.6667,125100.0
49766.6667,56916.6667
49766.6667,92700.0
49766.6667,94466.6667
49766.6667,94550.0
49783.3333,101666.6667
49783.3333,103666.6667
49783.3333,112150.0
49783.3333,118133.3333
49783.3333,125066.6667
49783.3333,55866.6667
49783.3333,56633.3333
49783.3333,67166.6667
49783.3333,74866.6667
49783.3333,83650.0
49783.3333,86550.0
49783.3333,92833.3333
49783.3333,93183.3333
49800.0,113116.6667
49800.0,124616.6667
49800.0,93083.3333
49800.0,93983.3333
49800.0,95116.6667
49816.6667,100300.0
49816.6667,104150.0
49816.6667,105616.6667
49816.6667,111900.0
49816.6667,64350.0
49816.6667,89100.0
49816.6667,92983.3333
49816.6667,97133.3333
49833.3333,100133.3333
49833.3333,101533.3333
49833.3333,102283.3333
49833.3333,106033.3333
49833.3333,111700.0
49833.3333,126933.3333
49833.3333,74833.3333
49833.3333,91333.3333
49833.3333,97216.6667
49833.3333,99950.0
49850.0,100933.3333
49850.0,102950.0
49850.0,124533.3333
49850.0,126750.0
49850.0,56433.3333
49850.0,81616.6667
49850.0,93383.3333
49850.0,95550.0
49866.6667,106216.6667
49866.6667,110900.0
49866.6667,111366.6667
49866.6667,119400.0
49866.6667,126700.0
49866.6667,55666.6667
49866.6667,56816.6667
49866.6667,74350.0
49866.6667,95916.6667
49866.6667,96466.6667
49866.6667,99350.0
49866.6667,99916.6667
49883.3333,101833.3333
49883.3333,103433.3333
49883.3333,103866.6667
49883.3333,106550.0
49883.3333,111050.0
49883.3333,113050.0
49883.3333,118083.3333
49883.3333,118116.6667
49883.3333,120633.3333
49883.3333,121466.6667
49883.3333,123316.6667
49883.3333,124550.0
49883.3333,55633.3333
49883.3333,64483.3333
49883.3333,95416.6667
49883.3333,96066.6667
49883.3333,97000.0
49883.3333,97166.6667
49883.3333,99700.0
49900.0,102016.6667
49900.0,107300.0
49900.0,115766.6667
49900.0,119483.3333
49900.0,97100.0
49900.0,97250.0
49900.0,99066.6667
49916.6667,101083.3333
49916.6667,104366.6667
49916.6667,104950.0
49916.6667,109466.6667
49916.6667,116916.6667
49916.6667,126666.6667
49916.6667,55566.6667
49916.6667,56183.3333
49916.6667,57900.0
49916.6667,97083.3333
49916.6667,97183.3333
49933.3333,105700.0
49933.3333,105966.6667
49933.3333,107450.0
49933.3333,111700.0
49933.3333,56400.0
49933.3333,94983.3333
49933.3333,97116.6667
49950.0,100750.0
49950.0,105400.0
49950.0,108100.0
49950.0,110033.3333
49950.0,110266.6667
49950.0,93416.6667
49950.0,95966.6667
49950.0,97100.0
49950.0,98933.3333
49966.6667,100100.0
49966.6667,101250.0
49966.6667,101966.6667
49966.6667,110583.3333
49966.6667,112550.0
49966.6667,123150.0
49966.6667,55583.3333
49966.6667,98300.0
49966.6667,98766.6667
49966.6667,99950.0
49983.3333,100533.3333
49983.3333,109116.6667
49983.3333,113083.3333
49983.3333,117366.6667
49983.3333,124766.6667
49983.3333,125433.3333
49983.3333,126850.0
49983.3333,127150.0
49983.3333,92300.0
49983.3333,93616.6667
49983.3333,94650.0
50000.0,55866.6667
50016.6667,101366.6667
50016.6667,102350.0
50016.6667,105066.6667
50016.6667,106733.3333
50016.6667,125250.0
50016.6667,66866.6667
50016.6667,85216.6667
50016.6667,92933.3333
50016.6667,96316.6667
50033.3333,100216.6667
50033.3333,109833.3333
50033.3333,110683.3333
50033.3333,113583.3333
50033.3333,124816.6667
50033.3333,57716.6667
50050.0,102283.3333
50050.0,104633.3333
50050.0,125183.3333
50066.6667,101516.6667
50066.6667,108800.0
50066.6667,112100.0
50066.6667,112250.0
50066.6667,121550.0
50066.6667,124933.3333
50066.6667,124983.3333
50066.6667,125283.3333
50066.6667,91750.0
50066.6667,96516.6667
50066.6667,97216.6667
50066.6667,97450.0
50066.6667,98450.0
50083.3333,110783.3333
50083.3333,92166.6667
50083.3333,96666.6667
50083.3333,97866.6667
50100.0,102633.3333
50100.0,103866.6667
50100.0,104316.6667
50100.0,105700.0
50100.0,108483.3333
50100.0,125033.3333
50100.0,91916.6667
50116.6667,100033.3333
50116.6667,106983.3333
50116.6667,107100.0
50116.6667,107733.3333
50116.6667,119383.3333
50116.6667,120783.3333
50116.6667,122983.3333
50116.6667,124516.6667
50116.6667,124850.0
50116.6667,125366.6667
50116.6667,96033.3333
50133.3333,100766.6667
50133.3333,101033.3333
50133.3333,106383.3333
50133.3333,56100.0
50133.3333,97316.6667
50133.3333,98566.6667
50133.3333,99100.0
50150.0,101666.6667
50150.0,102933.3333
50150.0,115833.3333
50150.0,116983.3333
50150.0,120183.3333
50150.0,120500.0
50150.0,120883.3333
50150.0,95883.3333
50150.0,96883.3333
50150.0,99450.0
50166.6667,105266.6667
50166.6667,112416.6667
50166.6667,91450.0
50166.6667,91533.3333
50166.6667,96233.3333
50183.3333,100600.0
50183.3333,104900.0
50183.3333,107816.6667
50183.3333,108200.0
50183.3333,116933.3333
50183.3333,125083.3333
50183.3333,125150.0
50183.3333,57600.0
50183.3333,61283.3333
50183.3333,61816.6667
50183.3333,66100.0
50183.3333,66633.3333
50183.3333,86700.0
50183.3333,98316.6667
50200.0,106000.0
50200.0,55733.3333
50200.0,66383.3333
50200.0,81666.6667
50200.0,97666.6667
50216.6667,103450.0
50216.6667,109616.6667
50216.6667,111166.6667
50216.6667,113150.0
50216.6667,60716.6667
50216.6667,62083.3333
50233.3333,107250.0
50233.3333,117800.0
50233.3333,118616.6667
50233.3333,119366.6667
50233.3333,121100.0
50233.3333,121566.6667
50233.3333,125283.3333
50233.3333,57583.3333
50233.3333,86950.0
50233.3333,87666.6667
50233.3333,88050.0
50233.3333,90200.0
50233.3333,90716.6667
50233.3333,98950.0
50233.3333,99450.0
50250.0,101966.6667
50250.0,111183.3333
50250.0,113666.6667
50250.0,118966.6667
50250.0,124966.6667
50250.0,56500.0
50250.0,63583.3333
50250.0,87216.6667
50250.0,87900.0
50250.0,89766.6667
50250.0,99833.3333
50266.6667,101033.3333
50266.6667,105883.3333
50266.6667,112033.3333
50266.6667,119266.6667
50266.6667,64150.0
50266.6667,64766.6667
50266.6667,64916.6667
50266.6667,96050.0
50283.3333,105616.6667
50283.3333,107766.6667
50283.3333,111350.0
50283.3333,64333.3333
50283.3333,65200.0
50283.3333,65583.3333
50283.3333,89450.0
50300.0,105133.3333
50300.0,125200.0
50300.0,64016.6667
50300.0,88533.3333
50300.0,89033.3333
50300.0,95550.0
50316.6667,108616.6667
50316.6667,115866.6667
50316.6667,116950.0
50316.6667,122816.6667
50316.6667,125083.3333
50316.6667,64500.0
50316.6667,88416.6667
50316.6667,92283.3333
50333.3333,102250.0
50333.3333,110083.3333
50333.3333,125483.3333
50350.0,100200.0
50350.0,112633.3333
50350.0,113766.6667
50350.0,125916.6667
50350.0,57533.3333
50350.0,59816.6667
50350.0,95966.6667
50366.6667,105383.3333
50366.6667,107583.3333
50366.6667,119350.0
50366.6667,125150.0
50366.6667,125316.6667
50366.6667,56533.3333
50366.6667,99466.6667
50383.3333,101700.0
50383.3333,102566.6667
50383.3333,118783.3333
50383.3333,120266.6667
50383.3333,127433.3333
50383.3333,97266.6667
50383.3333,98666.6667
50383.3333,99083.3333
50400.0,100400.0
50400.0,105150.0
50400.0,105550.0
50400.0,105716.6667
50400.0,113250.0
50400.0,125966.6667
50400.0,95683.3333
50416.6667,102916.6667
50416.6667,103266.6667
50416.6667,104600.0
50416.6667,109883.3333
50416.6667,117133.3333
50416.6667,120816.6667
50416.6667,121350.0
50416.6667,122916.6667
50416.6667,125516.6667
50416.6667,73866.6667
50416.6667,84366.6667
50416.6667,97950.0
50433.3333,100583.3333
50433.3333,101050.0
50433.3333,104816.6667
50433.3333,107216.6667
50433.3333,117900.0
50433.3333,127483.3333
50433.3333,96566.6667
50450.0,101300.0
50450.0,104616.6667
50450.0,105816.6667
50450.0,106066.6667
50450.0,106266.6667
50450.0,106900.0
50450.0,108083.3333
50450.0,108450.0
50450.0,111650.0
50450.0,113850.0
50450.0,119183.3333
50450.0,125366.6667
50450.0,96016.6667
50466.6667,104416.6667
50466.6667,106666.6667
50466.6667,109483.3333
50466.6667,113433.3333
50466.6667,115966.6667
50483.3333,103433.3333
50483.3333,110016.6667
50483.3333,122600.0
50483.3333,126083.3333
50500.0,107766.6667
50500.0,116033.3333
50500.0,97500.0
50500.0,98033.3333
50516.6667,116033.3333
50516.6667,117283.3333
50516.6667,117900.0
50516.6667,125533.3333
50516.6667,125750.0
50516.6667,128033.3333
50516.6667,59483.3333
50533.3333,100316.6667
50533.3333,103666.6667
50533.3333,103866.6667
50533.3333,126866.6667
50533.3333,127600.0
50533.3333,56283.3333
50533.3333,57383.3333
50550.0,119133.3333
50550.0,126816.6667
50550.0,126883.3333
50550.0,96233.3333
50550.0,96633.3333
50566.6667,100583.3333
50566.6667,104450.0
50566.6667,111900.0
50566.6667,112883.3333
50566.6667,126266.6667
50566.6667,97000.0
50566.6667,97216.6667
50583.3333,105583.3333
50583.3333,107350.0
50583.3333,112050.0
50583.3333,113866.6667
50583.3333,126916.6667
50583.3333,127100.0
50600.0,101683.3333
50600.0,107016.6667
50600.0,107816.6667
50600.0,113616.6667
50600.0,127583.3333
50600.0,56200.0
50600.0,98733.3333
50616.6667,101283.3333
50616.6667,106700.0
50616.6667,108450.0
50616.6667,116100.0
50616.6667,122433.3333
50616.6667,126316.6667
50633.3333,106033.3333
50633.3333,112700.0
50633.3333,117533.3333
50633.3333,119116.6667
50633.3333,127016.6667
50633.3333,127250.0
50633.3333,93166.6667
50633.3333,97000.0
50650.0,102083.3333
50650.0,104866.6667
50650.0,109916.6667
50650.0,119950.0
50650.0,128016.6667
50650.0,57266.6667
50650.0,99966.6667
50666.6667,100816.6667
50666.6667,120333.3333
50666.6667,128083.3333
50683.3333,105883.3333
50683.3333,114266.6667
50683.3333,117483.3333
50683.3333,119816.6667
50683.3333,120366.6667
50683.3333,121933.3333
50683.3333,125700.0
50683.3333,128266.6667
50683.3333,97533.3333
50683.3333,99466.6667
50700.0,105216.6667
50700.0,111683.3333
50700.0,114233.3333
50700.0,117916.6667
50700.0,119283.3333
50700.0,122300.0
50700.0,59333.3333
50700.0,96550.0
50700.0,98866.6667
50716.6667,103000.0
50716.6667,112983.3333
50716.6667,113316.6667
50716.6667,113966.6667
50716.6667,121266.6667
50716.6667,127500.0
50716.6667,55600.0
50716.6667,57366.6667
50733.3333,103200.0
50733.3333,108750.0
50733.3333,111300.0
50733.3333,111900.0
50733.3333,117733.3333
50733.3333,119966.6667
50733.3333,122233.3333
50733.3333,56100.0
50750.0,101433.3333
50750.0,104866.6667
50750.0,106400.0
50750.0,111183.3333
50750.0,120850.0
50750.0,126483.3333
50750.0,57166.6667
50766.6667,103783.3333
50766.6667,109666.6667
50766.6667,112083.3333
50766.6667,128350.0
50783.3333,101283.3333
50783.3333,112466.6667
50783.3333,119333.3333
50783.3333,120783.3333
50783.3333,122816.6667
50783.3333,59016.6667
50783.3333,97566.6667
50783.3333,99483.3333
50800.0,103550.0
50800.0,104916.6667
50800.0,106150.0
50800.0,107950.0
50800.0,110683.3333
50800.0,121316.6667
50800.0,98983.3333
50816.6667,110466.6667
50816.6667,112666.6667
50816.6667,116283.3333
50816.6667,119683.3333
50833.3333,101700.0
50833.3333,119000.0
50833.3333,57033.3333
50833.3333,58950.0
50850.0,105566.6667
50850.0,109116.6667
50850.0,110950.0
50850.0,113466.6667
50850.0,122433.3333
50850.0,122850.0
50850.0,127850.0
50850.0,56116.6667
50866.6667,105250.0
50866.6667,113050.0
50866.6667,119466.6667
50866.6667,119583.3333
50866.6667,121833.3333
50866.6667,122183.3333
50866.6667,95250.0
50866.6667,98100.0
50883.3333,107383.3333
50883.3333,108200.0
50883.3333,109550.0
50883.3333,110266.6667
50883.3333,118100.0
50900.0,103850.0
50900.0,111550.0
50900.0,116366.6667
50900.0,55900.0
50900.0,95333.3333
50900.0,97216.6667
50916.6667,106850.0
50916.6667,114066.6667
50916.6667,126866.6667
50916.6667,127283.3333
50933.3333,102033.3333
50933.3333,102800.0
50933.3333,104500.0
50933.3333,105700.0
50933.3333,109900.0
50933.3333,118783.3333
50933.3333,56983.3333
50933.3333,91383.3333
50950.0,101233.3333
50950.0,104200.0
50950.0,112183.3333
50950.0,113916.6667
50950.0,126200.0
50966.6667,110016.6667
50966.6667,120250.0
50966.6667,93916.6667
50966.6667,98183.3333
50983.3333,104850.0
50983.3333,106550.0
50983.3333,107133.3333
50983.3333,108083.3333
50983.3333,118633.3333
51000.0,118183.3333
51000.0,97000.0
51016.6667,108433.3333
51016.6667,113533.3333
51016.6667,121783.3333
51016.6667,57033.3333
51016.6667,57100.0
51016.6667,95666.6667
51033.3333,102166.6667
51033.3333,112683.3333
51033.3333,113966.6667
51033.3333,120733.3333
51033.3333,127516.6667
51033.3333,55833.3333
51033.3333,93833.3333
51050.0,56916.6667
51050.0,99533.3333
51050.0,99783.3333
51066.6667,104950.0
51066.6667,105433.3333
51066.6667,114166.6667
51066.6667,114550.0
51066.6667,116650.0
51083.3333,114083.3333
51083.3333,114166.6667
51083.3333,55783.3333
51083.3333,93833.3333
51100.0,106983.3333
51100.0,111583.3333
51100.0,115066.6667
51100.0,115350.0
51100.0,120016.6667
51100.0,121600.0
51100.0,92750.0
51100.0,96300.0
51116.6667,106600.0
51116.6667,112983.3333
51133.3333,100483.3333
51133.3333,112083.3333
51133.3333,117866.6667
51133.3333,56800.0
51133.3333,90266.6667
51133.3333,96200.0
51150.0,100050.0
51150.0,101750.0
51150.0,108750.0
51150.0,110200.0
51150.0,113333.3333
51150.0,116766.6667
51166.6667,100283.3333
51166.6667,100700.0
51166.6667,103500.0
51166.6667,105933.3333
51166.6667,114850.0
51166.6667,115566.6667
51166.6667,55700.0
51183.3333,120133.3333
51183.3333,56833.3333
51183.3333,90216.6667
51183.3333,98333.3333
51200.0,102100.0
51200.0,102800.0
51200.0,106866.6667
51200.0,108033.3333
51200.0,114450.0
51200.0,97566.6667
51216.6667,101150.0
51216.6667,101883.3333
51216.6667,102000.0
51216.6667,102250.0
51216.6667,102466.6667
51216.6667,109016.6667
51216.6667,109500.0
51216.6667,113650.0
51216.6667,114016.6667
51216.6667,116616.6667
51216.6667,92783.3333
51233.3333,101350.0
51233.3333,105433.3333
51233.3333,109166.6667
51233.3333,118950.0
51233.3333,58650.0
51250.0,80600.0
51266.6667,103733.3333
51266.6667,105966.6667
51266.6667,107016.6667
51266.6667,114016.6667
51266.6667,115916.6667
51266.6667,117516.6667
51266.6667,80650.0
51266.6667,92683.3333
51283.3333,111666.6667
51283.3333,112316.6667
51283.3333,56733.3333
51283.3333,98416.6667
51300.0,102433.3333
51300.0,112950.0
51300.0,116966.6667
51300.0,121400.0
51300.0,55616.6667
51316.6667,101433.3333
51316.6667,105000.0
51316.6667,107650.0
51316.6667,108750.0
51316.6667,113616.6667
51316.6667,127500.0
51316.6667,58016.6667
51316.6667,76900.0
51316.6667,98350.0
51316.6667,99500.0
51333.3333,107450.0
51333.3333,108150.0
51333.3333,112483.3333
51350.0,102200.0
51350.0,103233.3333
51350.0,110333.3333
51366.6667,106133.3333
51366.6667,109983.3333
51366.6667,56616.6667
51366.6667,99116.6667
51383.3333,110566.6667
51383.3333,113533.3333
51383.3333,55600.0
51383.3333,97483.3333
51383.3333,99600.0
51400.0,104533.3333
51400.0,104733.3333
51400.0,116483.3333
51400.0,56416.6667
51416.6667,105016.6667
51416.6667,106600.0
51416.6667,110800.0
51416.6667,111683.3333
51416.6667,112633.3333
51416.6667,57200.0
51416.6667,57616.6667
51416.6667,57816.6667
51433.3333,102916.6667
51433.3333,109450.0
51433.3333,109883.3333
51433.3333,114033.3333
51433.3333,116183.3333
51433.3333,117050.0
51433.3333,120200.0
51433.3333,55516.6667
51433.3333,57116.6667
51433.3333,98800.0
51450.0,102433.3333
51450.0,105450.0
51450.0,116300.0
51450.0,56950.0
51466.6667,108850.0
51466.6667,109133.3333
51466.6667,109600.0
51466.6667,112700.0
51466.6667,112966.6667
51466.6667,114383.3333
51466.6667,57716.6667
51466.6667,92350.0
51483.3333,106933.3333
51483.3333,107516.6667
51483.3333,108400.0
51483.3333,117483.3333
51483.3333,120700.0
51483.3333,78766.6667
51483.3333,90150.0
51500.0,106283.3333
51500.0,107050.0
51500.0,108250.0
51500.0,111683.3333
51500.0,113333.3333
51500.0,113500.0
51500.0,90050.0
51516.6667,100400.0
51516.6667,101800.0
51516.6667,105016.6667
51516.6667,107716.6667
51516.6667,117416.6667
51516.6667,127516.6667
51516.6667,55483.3333
51516.6667,56133.3333
51516.6667,56833.3333
51533.3333,107250.0
51533.3333,111200.0
51533.3333,114100.0
51550.0,102433.3333
51550.0,103966.6667
51550.0,105466.6667
51550.0,107983.3333
51550.0,114466.6667
51550.0,122316.6667
51550.0,127616.6667
51550.0,55733.3333
51550.0,87983.3333
51566.6667,101900.0
51566.6667,112750.0
51583.3333,103216.6667
51583.3333,111516.6667
51583.3333,112533.3333
51583.3333,120116.6667
51583.3333,122250.0
51600.0,55533.3333
51600.0,55633.3333
51600.0,55866.6667
51600.0,56716.6667
51600.0,98700.0
51616.6667,106433.3333
51616.6667,107750.0
51616.6667,109733.3333
51616.6667,85933.3333
51633.3333,102433.3333
51633.3333,105016.6667
51633.3333,108350.0
51633.3333,111916.6667
51633.3333,120033.3333
51633.3333,55900.0
51650.0,103533.3333
51650.0,113550.0
51650.0,120033.3333
51650.0,121283.3333
51650.0,124383.3333
51650.0,99916.6667
51666.6667,105466.6667
51666.6667,109983.3333
51666.6667,110666.6667
51666.6667,112233.3333
51666.6667,112766.6667
51666.6667,114133.3333
51666.6667,119516.6667
51666.6667,96833.3333
51683.3333,110250.0
51683.3333,127250.0
51700.0,102750.0
51700.0,107133.3333
51700.0,108483.3333
51700.0,109233.3333
51700.0,110800.0
51700.0,113266.6667
51700.0,114633.3333
51716.6667,123016.6667
51716.6667,91800.0
51733.3333,56416.6667
51733.3333,96916.6667
51750.0,104533.3333
51766.6667,104183.3333
51766.6667,105750.0
51766.6667,112000.0
51766.6667,120900.0
51766.6667,122300.0
51766.6667,98616.6667
51783.3333,100533.3333
51783.3333,104716.6667
51783.3333,111083.3333
51783.3333,114100.0
51783.3333,119316.6667
51800.0,106500.0
51800.0,107416.6667
51800.0,107850.0
51800.0,108833.3333
51800.0,113600.0
51800.0,68166.6667
51816.6667,114366.6667
51816.6667,94000.0
51833.3333,113233.3333
51850.0,102533.3333
51850.0,105033.3333
51850.0,109766.6667
51850.0,111616.6667
51850.0,112850.0
51866.6667,101916.6667
51866.6667,110016.6667
51866.6667,111983.3333
51866.6667,113600.0
51866.6667,121666.6667
51866.6667,127866.6667
51883.3333,107600.0
51883.3333,109950.0
51883.3333,74283.3333
51900.0,102350.0
51900.0,105450.0
51900.0,106066.6667
51916.6667,101550.0
51916.6667,107116.6667
51916.6667,109133.3333
51916.6667,110300.0
51916.6667,114033.3333
51916.6667,122100.0
51916.6667,123033.3333
51950.0,102666.6667
51950.0,103800.0
51950.0,105633.3333
51950.0,108616.6667
51950.0,99600.0
51966.6667,105866.6667
51966.6667,108366.6667
51966.6667,110566.6667
51966.6667,112150.0
51966.6667,122516.6667
51966.6667,124983.3333
51966.6667,79316.6667
52000.0,106983.3333
52016.6667,100150.0
52016.6667,104066.6667
52016.6667,106216.6667
52016.6667,107700.0
52016.6667,110800.0
52016.6667,111116.6667
52016.6667,55833.3333
52033.3333,107550.0
52033.3333,112750.0
52033.3333,113950.0
52050.0,105133.3333
52050.0,107550.0
52050.0,107983.3333
52050.0,108966.6667
52050.0,112350.0
52050.0,112466.6667
52050.0,122266.6667
52050.0,95483.3333
52066.6667,102650.0
52066.6667,103250.0
52066.6667,104250.0
52066.6667,107433.3333
52066.6667,108700.0
52083.3333,100800.0
52083.3333,101050.0
52083.3333,103833.3333
52083.3333,109433.3333
52083.3333,111450.0
52083.3333,114750.0
52083.3333,123283.3333
52100.0,101266.6667
52100.0,105750.0
52100.0,107000.0
52100.0,119300.0
52100.0,94300.0
52116.6667,105133.3333
52116.6667,106633.3333
52116.6667,107216.6667
52116.6667,108133.3333
52116.6667,113200.0
52116.6667,121933.3333
52116.6667,122150.0
52133.3333,104533.3333
52133.3333,106600.0
52133.3333,106666.6667
52133.3333,107050.0
52133.3333,108950.0
52133.3333,112750.0
52133.3333,113866.6667
52133.3333,123700.0
52150.0,110083.3333
52150.0,111733.3333
52150.0,128133.3333
52150.0,131083.3333
52166.6667,103516.6667
52166.6667,109516.6667
52166.6667,128133.3333
52183.3333,104833.3333
52200.0,100166.6667
52200.0,103800.0
52200.0,104983.3333
52200.0,105116.6667
52200.0,108450.0
52200.0,113233.3333
52216.6667,111900.0
52216.6667,112416.6667
52216.6667,55633.3333
52216.6667,87883.3333
52233.3333,109650.0
52233.3333,119216.6667
52233.3333,121800.0
52233.3333,55833.3333
52233.3333,78516.6667
52250.0,102666.6667
52250.0,107500.0
52250.0,81616.6667
52266.6667,105516.6667
52266.6667,108900.0
52266.6667,112733.3333
52266.6667,113800.0
52266.6667,121683.3333
52266.6667,55583.3333
52283.3333,105666.6667
52283.3333,112150.0
52300.0,108516.6667
52300.0,109366.6667
52300.0,112350.0
52300.0,114083.3333
52300.0,114283.3333
52300.0,121116.6667
52300.0,131216.6667
52300.0,55833.3333
52316.6667,106100.0
52316.6667,106283.3333
52316.6667,106566.6667
52333.3333,106783.3333
52333.3333,109950.0
52333.3333,112683.3333
52333.3333,113533.3333
52333.3333,121416.6667
52333.3333,122283.3333
52350.0,110116.6667
52350.0,110266.6667
52350.0,127700.0
52350.0,55683.3333
52366.6667,103833.3333
52366.6667,106966.6667
52366.6667,108216.6667
52366.6667,114916.6667
52366.6667,115066.6667
52366.6667,126100.0
52366.6667,126750.0
52366.6667,55650.0
52366.6667,97033.3333
52383.3333,101100.0
52383.3333,107666.6667
52383.3333,113800.0
52383.3333,114600.0
52383.3333,125816.6667
52383.3333,126566.6667
52400.0,102233.3333
52400.0,104983.3333
52400.0,109833.3333
52400.0,113183.3333
52416.6667,104500.0
52416.6667,108700.0
52416.6667,115283.3333
52433.3333,105283.3333
52433.3333,109166.6667
52433.3333,111783.3333
52433.3333,126233.3333
52450.0,108266.6667
52450.0,110833.3333
52450.0,112566.6667
52450.0,119133.3333
52450.0,122416.6667
52450.0,125300.0
52450.0,55666.6667
52450.0,55683.3333
52466.6667,102650.0
52466.6667,107400.0
52466.6667,113733.3333
52466.6667,114050.0
52466.6667,115783.3333
52466.6667,116083.3333
52483.3333,105716.6667
52483.3333,113450.0
52500.0,104900.0
52500.0,106416.6667
52500.0,109700.0
52516.6667,106016.6667
52516.6667,107533.3333
52516.6667,111916.6667
52533.3333,101066.6667
52533.3333,107883.3333
52533.3333,56300.0
52550.0,55733.3333
52550.0,55783.3333
52566.6667,107716.6667
52583.3333,101050.0
52583.3333,102966.6667
52583.3333,112066.6667
52583.3333,112566.6667
52583.3333,112966.6667
52583.3333,128533.3333
52583.3333,55883.3333
52583.3333,91533.3333
52600.0,103250.0
52600.0,108783.3333
52600.0,55766.6667
52600.0,78716.6667
52616.6667,100733.3333
52616.6667,103383.3333
52616.6667,103916.6667
52616.6667,106650.0
52616.6667,109500.0
52616.6667,121700.0
52616.6667,94066.6667
52633.3333,104883.3333
52633.3333,105450.0
52633.3333,111216.6667
52633.3333,114216.6667
52633.3333,119150.0
52633.3333,122450.0
52650.0,105733.3333
52650.0,106333.3333
52650.0,108016.6667
52650.0,109666.6667
52666.6667,102533.3333
52666.6667,104533.3333
52666.6667,112200.0
52683.3333,101100.0
52683.3333,110133.3333
52683.3333,111300.0
52683.3333,113566.6667
52683.3333,55866.6667
52700.0,107700.0
52716.6667,103633.3333
52716.6667,106583.3333
52716.6667,107350.0
52716.6667,131833.3333
52733.3333,105450.0
52733.3333,111550.0
52733.3333,55833.3333
52750.0,109016.6667
52750.0,110450.0
52750.0,114283.3333
52750.0,121416.6667
52750.0,82000.0
52766.6667,108283.3333
52766.6667,108300.0
52766.6667,112966.6667
52766.6667,90783.3333
52783.3333,105083.3333
52783.3333,105733.3333
52783.3333,105916.6667
52783.3333,107066.6667
52783.3333,111850.0
52783.3333,112450.0
52800.0,106216.6667
52800.0,107466.6667
52816.6667,101433.3333
52816.6667,106500.0
52833.3333,101850.0
52833.3333,106883.3333
52833.3333,109633.3333
52833.3333,110866.6667
52833.3333,113450.0
52833.3333,119250.0
52833.3333,93633.3333
52850.0,102200.0
52850.0,102383.3333
52850.0,103716.6667
52850.0,114366.6667
52850.0,131883.3333
52866.6667,102983.3333
52866.6667,103366.6667
52866.6667,104333.3333
52866.6667,104466.6667
52866.6667,104600.0
52866.6667,105400.0
52866.6667,105783.3333
52866.6667,108300.0
52866.6667,108450.0
52866.6667,109266.6667
52866.6667,112250.0
52866.6667,118266.6667
52866.6667,118550.0
52883.3333,118083.3333
52900.0,102483.3333
52900.0,104783.3333
52900.0,55850.0
52916.6667,105800.0
52916.6667,106400.0
52916.6667,111233.3333
52916.6667,66866.6667
52916.6667,82433.3333
52933.3333,106783.3333
52933.3333,107866.6667
52933.3333,110083.3333
52933.3333,117283.3333
52950.0,105033.3333
52950.0,89883.3333
52950.0,91333.3333
52966.6667,108383.3333
52966.6667,113383.3333
52966.6667,114433.3333
52966.6667,55800.0
52983.3333,103800.0
52983.3333,105433.3333
52983.3333,107583.3333
52983.3333,119516.6667
52983.3333,122483.3333
53000.0,104300.0
53000.0,105250.0
53000.0,113050.0
53000.0,123616.6667
53000.0,78816.6667
53016.6667,105800.0
53016.6667,106000.0
53016.6667,108950.0
53016.6667,112816.6667
53016.6667,119233.3333
53016.6667,119583.3333
53016.6667,55833.3333
53033.3333,110333.3333
53033.3333,116683.3333
53033.3333,117316.6667
53033.3333,121716.6667
53033.3333,128900.0
53033.3333,93233.3333
53050.0,122150.0
53066.6667,116783.3333
53066.6667,117400.0
53066.6667,119750.0
53066.6667,121516.6667
53083.3333,104466.6667
53083.3333,106066.6667
53083.3333,107666.6667
53083.3333,109300.0
53083.3333,111783.3333
53083.3333,113466.6667
53083.3333,117450.0
53116.6667,103650.0
53116.6667,104033.3333
53116.6667,109616.6667
53116.6667,109966.6667
53116.6667,114483.3333
53116.6667,119833.3333
53133.3333,107766.6667
53150.0,103466.6667
53150.0,128683.3333
53166.6667,112616.6667
53166.6667,117100.0
53166.6667,99283.3333
53183.3333,108766.6667
53183.3333,110783.3333
53183.3333,113516.6667
53183.3333,117016.6667
53183.3333,122516.6667
53200.0,103800.0
53200.0,105750.0
53200.0,113050.0
53200.0,114183.3333
53200.0,117916.6667
53200.0,131983.3333
53200.0,70916.6667
53216.6667,106066.6667
53216.6667,106400.0
53216.6667,108000.0
53216.6667,112566.6667
53216.6667,114983.3333
53233.3333,112233.3333
53233.3333,55716.6667
53250.0,108000.0
53250.0,113783.3333
53250.0,131833.3333
53250.0,132000.0
53250.0,132083.3333
53266.6667,106700.0
53266.6667,113533.3333
53266.6667,55733.3333
53266.6667,93566.6667
53283.3333,103583.3333
53283.3333,104016.6667
53283.3333,110000.0
53300.0,106966.6667
53300.0,107050.0
53300.0,108083.3333
53300.0,120166.6667
53300.0,55950.0
53300.0,60300.0
53333.3333,110333.3333
53333.3333,111166.6667
53333.3333,113533.3333
53333.3333,131950.0
53333.3333,60416.6667
53350.0,107333.3333
53350.0,108350.0
53350.0,110850.0
53350.0,113250.0
53350.0,122533.3333
53366.6667,104016.6667
53366.6667,106600.0
53366.6667,107516.6667
53366.6667,107816.6667
53366.6667,108050.0
53366.6667,112666.6667
53366.6667,113733.3333
53366.6667,117700.0
53383.3333,108966.6667
53400.0,105616.6667
53400.0,117583.3333
53400.0,122566.6667
53400.0,131916.6667
53400.0,55783.3333
53416.6667,105533.3333
53416.6667,111683.3333
53416.6667,116683.3333
53433.3333,106733.3333
53433.3333,109700.0
53433.3333,113333.3333
53433.3333,117533.3333
53433.3333,129266.6667
53450.0,104083.3333
53450.0,105366.6667
53450.0,108700.0
53450.0,123216.6667
53466.6667,105116.6667
53466.6667,111866.6667
53466.6667,112950.0
53466.6667,55766.6667
53483.3333,104333.3333
53483.3333,104666.6667
53483.3333,104983.3333
53483.3333,55900.0
53500.0,105566.6667
53500.0,112050.0
53500.0,55783.3333
53516.6667,106866.6667
53516.6667,107133.3333
53516.6667,110333.3333
53516.6667,113316.6667
53516.6667,114333.3333
53516.6667,114966.6667
53516.6667,122633.3333
53533.3333,106316.6667
53533.3333,109450.0
53533.3333,113916.6667
53533.3333,114000.0
53533.3333,117016.6667
53533.3333,120583.3333
53533.3333,60150.0
53550.0,103416.6667
53550.0,107866.6667
53550.0,113133.3333
53550.0,113500.0
53550.0,116633.3333
53550.0,116766.6667
53550.0,117216.6667
53566.6667,113400.0
53566.6667,114716.6667
53583.3333,109616.6667
53583.3333,110716.6667
53583.3333,113166.6667
53583.3333,116416.6667
53583.3333,131933.3333
53600.0,107383.3333
53600.0,112333.3333
53600.0,120716.6667
53616.6667,115250.0
53616.6667,115450.0
53616.6667,57433.3333
53633.3333,107550.0
53633.3333,109200.0
53633.3333,113633.3333
53650.0,106983.3333
53650.0,115583.3333
53650.0,57050.0
53666.6667,111233.3333
53666.6667,113483.3333
53666.6667,115983.3333
53666.6667,116166.6667
53666.6667,122650.0
53683.3333,107700.0
53683.3333,125833.3333
53683.3333,132166.6667
53700.0,100300.0
53700.0,112633.3333
53700.0,114100.0
53700.0,114183.3333
53700.0,57016.6667
53700.0,97883.3333
53716.6667,110000.0
53716.6667,111750.0
53716.6667,113083.3333
53716.6667,113200.0
53716.6667,113483.3333
53733.3333,56800.0
53733.3333,93666.6667
53750.0,106966.6667
53750.0,112433.3333
53750.0,112783.3333
53750.0,113533.3333
53766.6667,110516.6667
53766.6667,121066.6667
53766.6667,123050.0
53783.3333,107750.0
53783.3333,111683.3333
53783.3333,126033.3333
53783.3333,77616.6667
53800.0,112916.6667
53800.0,113650.0
53800.0,126166.6667
53800.0,57016.6667
53816.6667,101233.3333
53816.6667,114666.6667
53816.6667,122866.6667
53816.6667,57133.3333
53816.6667,89883.3333
53833.3333,107033.3333
53833.3333,112116.6667
53833.3333,113416.6667
53833.3333,121266.6667
53833.3333,126283.3333
53833.3333,79016.6667
53850.0,132116.6667
53866.6667,123083.3333
53866.6667,123900.0
53866.6667,56900.0
53866.6667,57000.0
53883.3333,110666.6667
53883.3333,112333.3333
53883.3333,114900.0
53883.3333,124566.6667
53900.0,110900.0
53916.6667,106083.3333
53916.6667,115033.3333
53916.6667,122766.6667
53916.6667,124166.6667
53933.3333,121466.6667
53933.3333,90983.3333
53950.0,102266.6667
53950.0,113633.3333
53950.0,113900.0
53950.0,123266.6667
53950.0,125883.3333
53950.0,130250.0
53966.6667,126516.6667
53966.6667,128650.0
53966.6667,94766.6667
53966.6667,97833.3333
53983.3333,111283.3333
53983.3333,121616.6667
53983.3333,123600.0
53983.3333,124966.6667
53983.3333,126066.6667
53983.3333,126433.3333
54000.0,128700.0
54004.7222,112405.0
54006.3889,108906.6667
54006.9444,112332.7778
54007.2222,112678.8889
54016.6667,115233.3333
54016.6667,124016.6667
54016.6667,124283.3333
54016.6667,125766.6667
54016.6667,130600.0
54016.6667,132150.0
54016.6667,76533.3333
54025.2778,109160.5556
54033.3333,113116.6667
54033.3333,114133.3333
54033.3333,126150.0
54035.2778,108733.3333
54035.5556,109475.0
54036.6667,112555.2778
54036.9444,111860.0
54050.0,105783.3333
54050.0,124533.3333
54050.0,124783.3333
54059.4444,112945.2778
54066.6667,113650.0
54066.6667,130100.0
54066.6667,130450.0
54066.6667,131783.3333
54069.1667,111436.1111
54078.3333,108253.3333
54083.3333,114233.3333
54083.3333,122483.3333
54083.3333,122683.3333
54083.3333,125016.6667
54093.0556,112786.6667
54093.3333,112618.6111
54100.0,102816.6667
54100.0,123016.6667
54100.0,125166.6667
54100.0,125716.6667
54113.0556,112473.6111
54116.1111,111919.4444
54116.6667,114400.0
54116.6667,115383.3333
54116.6667,122066.6667
54116.6667,122216.6667
54122.2222,109026.3889
54124.7222,110591.3889
54129.7222,108434.7222
54129.7222,111568.0556
54130.2778,111151.6667
54133.3333,115683.3333
54133.3333,130166.6667
54133.3333,57416.6667
54141.1111,110754.1667
54141.9444,111727.7778
54143.0556,112151.1111
54143.8889,112275.8333
54150.0,113116.6667
54150.0,113866.6667
54150.0,114233.3333
54150.0,129950.0
54150.5556,108809.7222
54152.7778,111430.0
54153.3333,111276.3889
54166.6667,125483.3333
54166.6667,58433.3333
54180.2778,108628.0556
54180.8333,112626.9444
54181.3889,111027.5
54181.3889,111151.3889
54181.3889,112927.2222
54181.6667,112800.5556
54182.2222,110903.0556
54182.5,109776.3889
54183.3333,130016.6667
54200.0,125083.3333
54203.6111,110306.6667
54211.6667,110603.3333
54211.9444,111366.1111
54216.3889,108051.9444
54216.6667,100600.0
54216.6667,125766.6667
54216.6667,58133.3333
54229.7222,110862.7778
54233.3333,113016.6667
54233.3333,130283.3333
54238.6111,112776.6667
54240.5556,110804.1667
54240.5556,111255.8333
54250.0,129833.3333
54251.1111,111151.3889
54266.6667,107783.3333
54266.6667,113866.6667
54267.7778,110750.8333
54269.4444,111029.1667
54283.3333,101816.6667
54283.3333,122633.3333
54283.3333,125833.3333
54284.1667,110649.4444
54296.9444,109227.2222
54296.9444,111803.8889
54298.6111,111452.7778
54300.0,113483.3333
54313.0556,110603.8889
54316.6667,130333.3333
54326.3889,109100.2778
54329.4444,112953.0556
54332.2222,110477.2222
54333.3333,114766.6667
54333.3333,130450.0
54340.2778,109776.9444
54347.5,109226.6667
54350.0,113916.6667
54350.0,125916.6667
54355.0,110080.0
54355.2778,108628.3333
54355.5556,109652.2222
54356.6667,111576.9444
54356.6667,111713.8889
54361.9444,110205.8333
54366.6667,128550.0
54366.6667,82533.3333
54370.0,110270.8333
54385.5556,111352.2222
54395.5556,110653.8889
54399.7222,109226.1111
54400.0,126033.3333
54400.0,126650.0
54400.0,129100.0
54400.0,79450.0
54416.6667,110215.2778
54416.6667,110266.6667
54416.6667,126200.0
54426.1111,112923.6111
54427.5,112954.7222
54428.8889,110635.2778
54433.3333,124250.0
54433.3333,126750.0
54443.6111,110911.9444
54443.8889,110761.6667
54445.2778,112098.0556
54450.0,113983.3333
54450.0,57216.6667
54465.0,110183.0556
54466.6667,113383.3333
54466.6667,57250.0
54468.8889,111617.7778
54472.7778,111773.8889
54483.3333,125666.6667
54487.2222,111491.6667
54500.0,128583.3333
54501.1111,110558.3333
54503.6111,112900.8333
54509.1667,111618.0556
54516.6667,125183.3333
54516.6667,126300.0
54516.6667,126433.3333
54516.6667,126850.0
54533.3333,110983.3333
54533.3333,114083.3333
54533.3333,128483.3333
54550.0,130416.6667
54566.6667,124483.3333
54566.6667,57266.6667
54580.5556,111731.6667
54583.3333,101383.3333
54583.3333,113316.6667
54590.8333,112809.1667
54595.2778,112701.9444
54595.8333,111921.1111
54600.0,125083.3333
54616.6667,97783.3333
54631.6667,112511.6667
54633.3333,128433.3333
54639.4444,111346.3889
54650.0,124766.6667
54653.6111,112363.3333
54666.6667,101783.3333
54666.6667,102083.3333
54666.6667,107116.6667
54666.6667,94133.3333
54679.1667,112215.2778
54683.3333,114150.0
54698.0556,112147.2222
54716.6667,113266.6667
54733.3333,112930.8333
54748.0556,112804.1667
54750.0,101850.0
54754.4444,112601.9444
54759.7222,111912.5
54762.5,112688.3333
54766.6667,101883.3333
54766.6667,127166.6667
54766.6667,128283.3333
54771.9444,111964.7222
54783.3333,99783.3333
54799.1667,112573.3333
54800.0,66816.6667
54816.6667,126133.3333
54816.6667,128766.6667
54816.6667,66883.3333
54819.4444,112548.0556
54820.5556,112685.8333
54820.5556,112878.6111
54833.3333,98250.0
54848.6111,112343.8889
54850.0,128333.3333
54864.1667,112802.5
54866.6667,125133.3333
54879.7222,112522.5
54883.3333,127266.6667
54885.8333,111791.1111
54887.2222,111886.6667
54916.6667,114166.6667
54916.6667,98633.3333
54933.3333,129933.3333
54950.0,127316.6667
54950.0,95266.6667
54966.6667,130000.0
54995.0,111735.8333
55000.0,123033.3333
55000.0,129950.0
55016.6667,128333.3333
55033.3333,127333.3333
55037.7778,112279.7222
55050.0,126316.6667
55066.6667,103066.6667
55066.6667,114033.3333
55066.6667,117283.3333
55066.6667,128200.0
55066.6667,59600.0
55081.9444,112496.6667
55083.3333,59183.3333
55091.6667,112887.7778
55097.2222,108343.3333
55098.0556,108323.3333
55100.0,105300.0
55100.0,127366.6667
55100.0,128066.6667
55116.6667,101083.3333
55141.1111,112493.6111
55148.6111,108126.9444
55150.0,107616.6667
55150.0,119150.0
55150.0,127383.3333
55150.0,127750.0
55166.6667,102950.0
55166.6667,114033.3333
55166.6667,118800.0
55167.5,108153.3333
55175.5556,111623.3333
55183.3333,59216.6667
55200.0,119450.0
55200.0,129216.6667
55201.3889,112466.3889
55233.3333,114266.6667
55233.3333,127483.3333
55250.0,113200.0
55250.0,127583.3333
55250.0,127666.6667
55250.0,129083.3333
55250.0,85200.0
55266.6667,118800.0
55266.6667,119500.0
55266.6667,77783.3333
55283.3333,114783.3333
55316.6667,115716.6667
55316.6667,119566.6667
55316.6667,126616.6667
55316.6667,97700.0
55333.3333,115416.6667
55350.0,114983.3333
55350.0,115766.6667
55350.0,118783.3333
55350.0,119783.3333
55350.0,127683.3333
55366.6667,115933.3333
55416.6667,104550.0
55416.6667,117316.6667
55416.6667,129833.3333
55433.3333,107900.0
55433.3333,116483.3333
55433.3333,118700.0
55450.0,119900.0
55450.0,129483.3333
55450.0,60216.6667
55483.3333,125983.3333
55533.3333,102333.3333
55534.7222,111196.6667
55583.3333,97150.0
55600.0,118766.6667
55600.0,120550.0
55616.6667,116833.3333
55632.5,111082.7778
55666.6667,124500.0
55700.0,116900.0
55700.0,121616.6667
55700.0,127566.6667
55716.6667,117616.6667
55716.6667,120133.3333
55716.6667,121183.3333
55733.3333,101316.6667
55733.3333,117116.6667
55750.0,103166.6667
55750.0,117333.3333
55750.0,118233.3333
55750.0,97866.6667
55755.8333,111041.3889
55766.6667,118716.6667
55766.6667,120233.3333
55766.6667,125950.0
55766.6667,96700.0
55783.3333,106216.6667
55783.3333,117533.3333
55783.3333,117900.0
55783.3333,118833.3333
55783.3333,120916.6667
55783.3333,124700.0
55799.7222,112638.8889
55800.0,117683.3333
55800.0,98850.0
55816.6667,100383.3333
55833.3333,121733.3333
55846.1111,110907.2222
55850.0,120783.3333
55850.0,60866.6667
55850.0,92083.3333
55854.1667,108484.1667
55866.6667,117366.6667
55882.2222,108951.6667
55900.0,120133.3333
55916.6667,115650.0
55927.5,108938.8889
55933.3333,116916.6667
55933.3333,127883.3333
55933.3333,130000.0
55983.3333,123833.3333
55983.3333,87650.0
55988.0556,109095.5556
56016.6667,120083.3333
56016.6667,120616.6667
56033.3333,117116.6667
56033.3333,121916.6667
56050.0,118516.6667
56050.0,130016.6667
56066.6667,118250.0
56066.6667,118400.0
56066.6667,120083.3333
56066.6667,95633.3333
56083.3333,122750.0
56100.0,116833.3333
56100.0,118083.3333
56100.0,118683.3333
56100.0,120116.6667
56116.6667,117900.0
56116.6667,118850.0
56133.3333,117316.6667
56133.3333,118500.0
56150.0,117750.0
56150.0,120666.6667
56166.6667,120016.6667
56183.3333,117600.0
56183.3333,119950.0
56183.3333,120533.3333
56183.3333,121583.3333
56200.0,117416.6667
56200.0,126850.0
56200.0,78866.6667
56216.6667,118833.3333
56216.6667,120683.3333
56216.6667,121433.3333
56233.3333,100566.6667
56233.3333,117283.3333
56233.3333,117966.6667
56233.3333,118600.0
56250.0,117150.0
56250.0,120833.3333
56250.0,96100.0
56266.6667,117816.6667
56266.6667,120950.0
56283.3333,121233.3333
56300.0,117333.3333
56300.0,120533.3333
56333.3333,103233.3333
56350.0,94700.0
56366.6667,117066.6667
56433.3333,117600.0
56433.3333,120783.3333
56450.0,120916.6667
56483.3333,109433.3333
56483.3333,109633.3333
56500.0,119200.0
56516.6667,119066.6667
56516.6667,120783.3333
56533.3333,117666.6667
56533.3333,117883.3333
56533.3333,121000.0
56533.3333,79233.3333
56550.0,61683.3333
56583.3333,119500.0
56600.0,124633.3333
56683.3333,131816.6667
56700.0,111316.6667
56700.0,117650.0
56733.3333,111383.3333
56733.3333,117516.6667
56783.3333,98933.3333
56816.6667,94083.3333
56833.3333,131766.6667
56850.0,101050.0
56850.0,117633.3333
56883.3333,126500.0
56883.3333,68983.3333
56983.3333,107283.3333
56983.3333,117633.3333
57000.0,92283.3333
57066.6667,117550.0
57066.6667,92583.3333
57133.3333,121300.0
57183.3333,111616.6667
57200.0,94166.6667
57366.6667,106833.3333
57383.3333,111633.3333
57416.6667,125616.6667
57433.3333,127550.0
57466.6667,61833.3333
57616.6667,131683.3333
57650.0,128200.0
57666.6667,131583.3333
57800.0,117866.6667
57833.3333,131400.0
57883.3333,101666.6667
57900.0,131150.0
57933.3333,94200.0
58050.0,103550.0
58083.3333,67683.3333
58100.0,68400.0
58200.0,62633.3333
58266.6667,131800.0
58283.3333,121716.6667
58366.6667,114850.0
58383.3333,115116.6667
58400.0,114750.0
58400.0,116000.0
58400.0,116033.3333
58450.0,111500.0
58450.0,130033.3333
58450.0,78150.0
58516.6667,117133.3333
58533.3333,65883.3333
58633.3333,133533.3333
58700.0,130100.0
58716.6667,111150.0
58766.6667,69116.6667
58766.6667,94166.6667
58800.0,122666.6667
58800.0,130100.0
58816.6667,118750.0
58816.6667,122533.3333
58866.6667,63250.0
58883.3333,131750.0
58900.0,130433.3333
58900.0,133133.3333
59033.3333,117683.3333
59033.3333,122433.3333
59066.6667,63883.3333
59150.0,127616.6667
59183.3333,129233.3333
59200.0,132800.0
59266.6667,105833.3333
59266.6667,129416.6667
59316.6667,107183.3333
59333.3333,133616.6667
59383.3333,101333.3333
59383.3333,124866.6667
59416.6667,134466.6667
59416.6667,97750.0
59450.0,108483.3333
59483.3333,124016.6667
59500.0,134250.0
59533.3333,132083.3333
59550.0,108500.0
59550.0,126483.3333
59566.6667,108616.6667
59583.3333,133716.6667
59600.0,133816.6667
59600.0,134300.0
59616.6667,109216.6667
59616.6667,133416.6667
59616.6667,135116.6667
59633.3333,133850.0
59650.0,134666.6667
59716.6667,135050.0
59850.0,134983.3333
59866.6667,111600.0
59916.6667,128500.0
59916.6667,133116.6667
59916.6667,94816.6667
59966.6667,134900.0
59983.3333,137116.6667
60000.0,111883.3333
60016.6667,112100.0
60016.6667,70033.3333
60033.3333,112133.3333
60033.3333,77283.3333
60066.6667,128700.0
60066.6667,134583.3333
60083.3333,130600.0
60083.3333,134833.3333
60100.0,112233.3333
60116.6667,128800.0
60133.3333,137016.6667
60166.6667,132700.0
60183.3333,134716.6667
60233.3333,123483.3333
60266.6667,134283.3333
60300.0,134266.6667
60300.0,137000.0
60366.6667,137050.0
60383.3333,134833.3333
60416.6667,64816.6667
60433.3333,121250.0
60450.0,134850.0
60483.3333,133283.3333
60516.6667,134916.6667
60533.3333,134550.0
60550.0,116133.3333
60633.3333,134983.3333
60650.0,135000.0
60716.6667,135050.0
60733.3333,78483.3333
60750.0,137500.0
60766.6667,136016.6667
60783.3333,69833.3333
60800.0,136483.3333
60816.6667,137683.3333
60833.3333,114466.6667
60850.0,115700.0
60850.0,135516.6667
60866.6667,137033.3333
60883.3333,111083.3333
60883.3333,115033.3333
60933.3333,117416.6667
60933.3333,135083.3333
61016.6667,135783.3333
61033.3333,138383.3333
61033.3333,69616.6667
61050.0,123366.6667
61083.3333,137916.6667
61116.6667,112583.3333
61116.6667,94050.0
61133.3333,100883.3333
61150.0,136533.3333
61166.6667,113683.3333
61250.0,134616.6667
61250.0,135983.3333
61250.0,138800.0
61266.6667,129283.3333
61300.0,118666.6667
61333.3333,134350.0
61350.0,139000.0
61366.6667,117650.0
61383.3333,112750.0
61400.0,135216.6667
61433.3333,134633.3333
61516.6667,120633.3333
61516.6667,135833.3333
61566.6667,137500.0
61583.3333,134916.6667
61600.0,71950.0
61783.3333,136050.0
61816.6667,140783.3333
61850.0,121333.3333
61866.6667,134933.3333
61933.3333,96650.0
61950.0,128266.6667
61983.3333,132450.0
62050.0,135683.3333
62100.0,136316.6667
62183.3333,92600.0
62200.0,75633.3333
62333.3333,136483.3333
62383.3333,140366.6667
62400.0,110733.3333
62416.6667,77900.0
62450.0,114350.0
62533.3333,77383.3333
62583.3333,136833.3333
62616.6667,113466.6667
62683.3333,140083.3333
62700.0,109133.3333
62766.6667,137383.3333
62783.3333,116033.3333
62783.3333,138283.3333
62816.6667,92083.3333
62833.3333,116050.0
62833.3333,136583.3333
62850.0,69883.3333
62966.6667,64500.0
62983.3333,113200.0
63066.6667,139483.3333
63116.6667,77933.3333
63133.3333,117266.6667
63200.0,138816.6667
63266.6667,123600.0
63316.6667,139416.6667
63333.3333,90700.0
63483.3333,138833.3333
63566.6667,137450.0
63566.6667,139733.3333
63600.0,135916.6667
63633.3333,135450.0
63666.6667,138616.6667
63700.0,135866.6667
63716.6667,68450.0
63733.3333,133650.0
63733.3333,137650.0
63733.3333,68500.0
63766.6667,139100.0
63783.3333,137300.0
63816.6667,138666.6667
63900.0,135300.0
63916.6667,135483.3333
63950.0,135266.6667
64016.6667,139100.0
64016.6667,140833.3333
64033.3333,139433.3333
64033.3333,72650.0
64066.6667,139416.6667
64066.6667,139450.0
64100.0,139433.3333
64133.3333,83166.6667
64183.3333,114183.3333
64233.3333,76550.0
64316.6667,96016.6667
64450.0,140550.0
64483.3333,113166.6667
64683.3333,140983.3333
64900.0,125583.3333
65133.3333,77633.3333
65183.3333,123416.6667
65233.3333,127083.3333
65283.3333,126850.0
65916.6667,139616.6667
65933.3333,90816.6667
66050.0,117883.3333
66083.3333,118033.3333
66133.3333,65750.0
66266.6667,128633.3333
66266.6667,67150.0
66500.0,133066.6667
66516.6667,86233.3333
66533.3333,86716.6667
66566.6667,71300.0
66666.6667,61366.6667
66833.3333,108033.3333
67033.3333,126116.6667
67416.6667,140983.3333
67433.3333,133750.0
67433.3333,134866.6667
67533.3333,63750.0
67550.0,64033.3333
67566.6667,139800.0
67783.3333,102366.6667
67833.3333,115083.3333
67950.0,64916.6667
68033.3333,103433.3333
68216.6667,135000.0
68350.0,133700.0
68533.3333,89816.6667
68616.6667,71133.3333
68633.3333,95916.6667
68700.0,134116.6667
68766.6667,81200.0
68783.3333,114783.3333
69000.0,134666.6667
69000.0,137366.6667
69116.6667,105033.3333
69200.0,114533.3333
69350.0,133716.6667
69383.3333,123983.3333
69400.0,81800.0
69450.0,133066.6667
69533.3333,93533.3333
69566.6667,138900.0
69733.3333,128950.0
69750.0,128866.6667
69850.0,124433.3333
70166.6667,124666.6667
70450.0,68566.6667
70733.3333,117750.0
70950.0,84833.3333
71333.3333,84950.0
71616.6667,117950.0
71983.3333,125200.0
72016.6667,94250.0
72700.0,78000.0
73033.3333,85166.6667
74516.6667,82400.0
74683.3333,94900.0
76200.0,81016.6667
76233.3333,119333.3333
76416.6667,82950.0
78783.3333,103533.3333
80216.6667,86183.3333
81716.6667,64716.6667
82483.3333,62250.0
